slot_id,n,agreement,kappa,mean_score_a,mean_score_b
sourcing,150,0.94,0.1718,0.9967,0.9667
casualties,146,0.8562,0.2997,0.9247,0.9555
funding,141,0.5957,0.3704,0.6277,0.7872
damage,142,0.831,0.3809,0.9472,0.8908
currency_and_metadata,123,0.7886,0.4305,0.5772,0.5935
response_actions,158,0.9873,0.4936,0.9937,0.9937
shelter,145,0.7379,0.522,0.7241,0.7517
needs_gaps,138,0.8261,0.5516,0.8732,0.8514
wash,144,0.7708,0.5874,0.7326,0.7083
coordination,148,0.8108,0.6033,0.7939,0.8345
access,155,0.8774,0.6158,0.9097,0.8806
food,149,0.8523,0.7031,0.7987,0.7718
education,154,0.8312,0.7106,0.6234,0.5974
health,150,0.84,0.7308,0.6867,0.6467
displacement,154,0.9091,0.8089,0.6721,0.6721
