event,sitrep_id,kind,model,arm,date,n_slots,n_scored,n_failed,completeness,completeness_weighted
cyclone-idai-2019,manual-cyclone-idai-2019-etc-mozambique-sitrep-10-1-pdf,human,,human,undated,15,15,0,0.6333333333333333,0.7080478057702667
cyclone-idai-2019,manual-cyclone-idai-2019-iom-mozambique-cyclone-idai-response-sitrep-3-04-08-april-2019,human,,human,2019-04-08,15,15,0,0.8333333333333334,0.8691229344925647
cyclone-idai-2019,manual-cyclone-idai-2019-logistics-sector-zimbabwe-situation-update-190330-pdf,human,,human,2019-03-30,15,15,0,0.4666666666666667,0.467559475339188
cyclone-idai-2019,manual-cyclone-idai-2019-mdrmz014do-pdf,human,,human,2019-03-14,15,15,0,0.7,0.7192350575648622
cyclone-idai-2019,manual-cyclone-idai-2019-mdrmz014ou2-pdf,human,,human,2019-06-24,15,15,0,0.8333333333333334,0.8724866266614885
cyclone-idai-2019,manual-cyclone-idai-2019-mdrzw014dfr-pdf,human,,human,2019-04-04,15,15,0,0.7,0.6375856582689202
cyclone-idai-2019,manual-cyclone-idai-2019-mozambique-cyclone-idai-floods-situation-report-no-2-03-april,human,,human,2019-04-03,15,15,0,0.9666666666666667,0.9731531012364857
cyclone-idai-2019,manual-cyclone-idai-2019-mozambique-cyclone-idai-floods-situation-report-no-3-04-april,human,,human,2019-04-04,15,15,0,0.9,0.9328827530912142
cyclone-idai-2019,manual-cyclone-idai-2019-mozambique-cylone-idai-floods-situation-report-no-1-02-april-2,human,,human,2019-04-02,15,15,0,0.9333333333333333,0.9563722235445923
cyclone-idai-2019,manual-cyclone-idai-2019-mozambique-cylone-idai-floods-situation-report-no4-06april2019,human,,human,2019-04-06,15,15,0,0.9,0.9037996567405384
cyclone-idai-2019,manual-cyclone-idai-2019-mozambique-tropical-cyclones-idai-and-kenneth-emergency-appeal,human,,human,2019-03-14,15,15,0,0.8333333333333334,0.8534695513824335
cyclone-idai-2019,manual-cyclone-idai-2019-rosea-20190315-mozambique-cycloneidai-flashupdate-1-pdf,human,,human,2019-03-15,15,15,0,0.5666666666666667,0.5850130914648661
cyclone-idai-2019,manual-cyclone-idai-2019-rosea-20190316-tc-idai-flash-update2-pdf,human,,human,2019-03-16,15,15,0,0.5333333333333333,0.6118474625108051
cyclone-idai-2019,manual-cyclone-idai-2019-rosea-20190317-mozambique-cyclone-idai-flash-update-3-1-pdf,human,,human,2019-03-17,15,15,0,0.5,0.4731531012364857
cyclone-idai-2019,manual-cyclone-idai-2019-rosea-20190317-zimbabwe-floods-flash-update-1-map-pdf,human,,human,2019-03-17,15,15,0,0.5333333333333333,0.535804216829736
cyclone-idai-2019,manual-cyclone-idai-2019-rosea-20190318-mozambique-cyclone-idai-flash-update-4-1-pdf,human,,human,2019-03-18,15,15,0,0.6333333333333333,0.5771832679804068
cyclone-idai-2019,manual-cyclone-idai-2019-rosea-20190318-zimbabwe-floods-flash-update-2-pdf,human,,human,2019-03-18,15,15,0,0.5666666666666667,0.5402703481452714
cyclone-idai-2019,manual-cyclone-idai-2019-rosea-20190320-mozambique-flash-update-5-pdf,human,,human,2019-03-20,15,15,0,0.6333333333333333,0.6443005148891925
cyclone-idai-2019,manual-cyclone-idai-2019-rosea-20190320-mozambique-floods-flash-update-6-pdf,human,,human,2019-03-20,15,15,0,0.8666666666666667,0.882546383874322
cyclone-idai-2019,manual-cyclone-idai-2019-rosea-20190321-zimbabwe-floods-flash-update-4-pdf,human,,human,2019-03-21,15,15,0,0.5666666666666667,0.5704684113601345
cyclone-idai-2019,manual-cyclone-idai-2019-rosea-20190323-mozambique-floods-flash-update-7-final-pdf,human,,human,2019-03-23,15,15,0,0.8666666666666667,0.8791889555641857
cyclone-idai-2019,manual-cyclone-idai-2019-rosea-20190323-zimbabwe-floods-flash-update-5-final-pdf,human,,human,2019-03-23,15,15,0,0.7666666666666667,0.7617478671560829
cyclone-idai-2019,manual-cyclone-idai-2019-rosea-20190324-mozambique-floods-flash-update-8-final-pdf,human,,human,2019-03-24,15,15,0,0.7666666666666667,0.7997757538554051
cyclone-idai-2019,manual-cyclone-idai-2019-rosea-20190325-mozambique-floods-flash-update-9-final-pdf,human,,human,2019-03-25,15,15,0,0.8666666666666667,0.8780739886999989
cyclone-idai-2019,manual-cyclone-idai-2019-rosea-20190326-mozambique-floods-flash-update-10-final-pdf,human,,human,2019-03-26,15,15,0,0.7333333333333333,0.7807586785763503
cyclone-idai-2019,manual-cyclone-idai-2019-rosea-20190327-mozambique-floods-flash-update-11-final-pdf,human,,human,2019-03-27,15,15,0,0.8666666666666667,0.8411673327236512
cyclone-idai-2019,manual-cyclone-idai-2019-rosea-20190328-mozambique-floods-flash-update-12-final-pdf,human,,human,2019-03-28,15,15,0,0.8666666666666667,0.8791889555641857
cyclone-idai-2019,manual-cyclone-idai-2019-rosea-20190329-mozambique-floods-flash-update-13-final-pdf,human,,human,2019-03-29,15,15,0,0.8333333333333334,0.8791889555641857
cyclone-idai-2019,manual-cyclone-idai-2019-rosea-20190330-mozambique-floods-flash-update-14-final-pdf,human,,human,2019-03-30,15,15,0,0.8666666666666667,0.8881400097716196
cyclone-idai-2019,manual-cyclone-idai-2019-rosea-20190401-mozambique-floods-flash-update-15-final-pdf,human,,human,2019-04-01,15,15,0,0.8666666666666667,0.8747228242486502
cyclone-idai-2019,manual-cyclone-idai-2019-rosea-20190407-mozambique-sitrep-5-6-april-pdf,human,,human,2019-04-07,15,15,0,0.9666666666666667,0.9731531012364857
cyclone-idai-2019,manual-cyclone-idai-2019-rosea-20190408-mozambique-sitrep-6-7april-pdf,human,,human,2019-04-08,15,15,0,0.9,0.9328827530912142
cyclone-idai-2019,manual-cyclone-idai-2019-rosea-20190409-mozambique-sitrep-7-8-april-final-for-upload-pd,human,,human,2019-04-09,15,15,0,0.9333333333333333,0.9563722235445923
cyclone-idai-2019,manual-cyclone-idai-2019-rosea-20190410-mozambique-sitrep-8-9-april-pdf,human,,human,2019-04-10,15,15,0,0.9333333333333333,0.9563722235445923
cyclone-idai-2019,manual-cyclone-idai-2019-rosea-20190411-mozambique-sitrep-pdf,human,,human,2019-04-11,15,15,0,0.9333333333333333,0.9496636307831076
cyclone-idai-2019,manual-cyclone-idai-2019-rosea-20190413-mozambique-sitrep-11-12-april-for-upload-pdf,human,,human,2019-04-13,15,15,0,0.9,0.9429487741628353
cyclone-idai-2019,manual-cyclone-idai-2019-rosea-20190414-mozambique-sitrep-12-13-april-pdf,human,,human,2019-04-14,15,15,0,1.0,1.0
cyclone-idai-2019,manual-cyclone-idai-2019-rosea-20190416-mozambique-sitrep-14-15-april-for-upload-pdf,human,,human,2019-04-16,15,15,0,0.9666666666666667,0.9765105295466219
cyclone-idai-2019,manual-cyclone-idai-2019-rosea-20190418-mozambique-sitrep-16-as-of-18-april-2019-final,human,,human,2019-04-18,15,15,0,0.8666666666666667,0.8836676145972965
cyclone-idai-2019,manual-cyclone-idai-2019-rosea-20190420-mozambique-sitrep17-as-of-20april2019-for-uploa,human,,human,2019-04-20,15,15,0,0.8666666666666667,0.8836676145972965
cyclone-idai-2019,manual-cyclone-idai-2019-rosea-20190422-mozambique-sitrep-18-as-of-22-april-2019-pdf,human,,human,2019-04-22,15,15,0,0.9,0.9004484922891899
cyclone-idai-2019,manual-cyclone-idai-2019-rosea-20190429-mozambique-sitrep-19-as-of-29-april-2019-for-up,human,,human,2019-04-29,15,15,0,0.9333333333333333,0.9597296518547287
cyclone-idai-2019,manual-cyclone-idai-2019-rosea-20190506-mozambique-sitrep-20-as-of-6-may-2019-for-uploa,human,,human,2019-05-06,15,15,0,1.0,1.0
cyclone-idai-2019,manual-cyclone-idai-2019-rosea-20190513-mozambique-sitrep-21-as-of-13-may-2019-for-uplo,human,,human,2019-05-13,15,15,0,0.9666666666666667,0.9731531012364857
cyclone-idai-2019,manual-cyclone-idai-2019-rosea-20190520-mozambique-sitrep-22-as-of-20-may-for-upload-pd,human,,human,2019-05-20,15,15,0,0.8,0.7941821279581075
cyclone-idai-2019,manual-cyclone-idai-2019-sa-cyclone-and-flooding-snapshot-10072019-pdf,human,,human,2019-07-10,15,15,0,0.5,0.5995452438520226
cyclone-idai-2019,manual-cyclone-idai-2019-sa-cyclone-and-flooding-snapshot-11032019-pdf,human,,human,2019-03-11,15,15,0,0.6,0.6565839419716122
cyclone-idai-2019,manual-cyclone-idai-2019-sa-cyclone-and-flooding-snapshot-12032019-pdf,human,,human,2019-03-12,15,15,0,0.6666666666666666,0.7214712551520239
cyclone-idai-2019,manual-cyclone-idai-2019-unicef-mozambique-humanitarian-situation-report-5-cyclone-idai,human,,human,2019-04-11,15,15,0,0.8333333333333334,0.8657655061824286
cyclone-idai-2019,manual-cyclone-idai-2019-unicef-mozambique-humanitarian-situation-report-no-6-as-of-19,human,,human,2019-04-19,15,15,0,0.7,0.7337734738108064
cyclone-idai-2019,manual-cyclone-idai-2019-unicef-mozambique-humanitarian-situation-report-no-7-cyclone-i,human,,human,2019-05-01,15,15,0,0.7333333333333333,0.7483181539155384
cyclone-idai-2019,manual-cyclone-idai-2019-who-sitrep-6-mozambique-10-may-2019-pdf,human,,human,2019-05-10,15,15,0,0.7333333333333333,0.7930608972351326
cyclone-idai-2019,manual-cyclone-idai-2019-whositrep3mozambique19april2019-pdf,human,,human,2019-04-19,15,15,0,0.6666666666666666,0.7203500244290493
cyclone-idai-2019,manual-cyclone-idai-2019-zimbabwe-20190327-sitrep-1-pdf,human,,human,2019-03-27,15,15,0,0.8333333333333334,0.8333312453804042
cyclone-idai-2019,manual-cyclone-idai-2019-zimbabwe-sitrep-2-10-april-2019-pdf,human,,human,2019-04-10,15,15,0,0.9333333333333333,0.9563722235445923
cyclone-idai-2019,manual-cyclone-idai-2019-zimbabwe-sitrep4-24april2019-pdf,human,,human,2019-04-24,15,15,0,0.8333333333333334,0.7897159966425717
cyclone_idai_2019,2019-03-15__api-fast__generic,machine,api-fast,api-fast/generic,2019-03-15,15,15,0,0.3,0.35011212307229744
cyclone_idai_2019,2019-03-15__api-fast__schema_guided,machine,api-fast,api-fast/schema_guided,2019-03-15,15,15,0,0.3333333333333333,0.40379965674053847
cyclone_idai_2019,2019-03-15__api-strong__generic,machine,api-strong,api-strong/generic,2019-03-15,15,15,0,0.3333333333333333,0.37360159352567557
cyclone_idai_2019,2019-03-15__api-strong__schema_guided,machine,api-strong,api-strong/schema_guided,2019-03-15,15,15,0,0.4,0.4216955012966187
cyclone_idai_2019,2019-03-16__api-fast__generic,machine,api-fast,api-fast/generic,2019-03-16,15,15,0,0.5333333333333333,0.5055936258972978
cyclone_idai_2019,2019-03-16__api-fast__schema_guided,machine,api-fast,api-fast/schema_guided,2019-03-16,15,15,0,0.7,0.6935093895243226
cyclone_idai_2019,2019-03-16__api-strong__generic,machine,api-strong,api-strong/generic,2019-03-16,15,15,0,0.6666666666666666,0.6655475238966213
cyclone_idai_2019,2019-03-16__api-strong__schema_guided,machine,api-strong,api-strong/schema_guided,2019-03-16,15,15,0,0.7333333333333333,0.7136414316675646
cyclone_idai_2019,2019-03-17__api-fast__generic,machine,api-fast,api-fast/generic,2019-03-17,15,15,0,0.6333333333333333,0.6420580534432432
cyclone_idai_2019,2019-03-17__api-fast__schema_guided,machine,api-fast,api-fast/schema_guided,2019-03-17,15,15,0,0.7,0.6856795660398632
cyclone_idai_2019,2019-03-17__api-strong__generic,machine,api-strong,api-strong/generic,2019-03-17,15,15,0,0.6333333333333333,0.6420580534432432
cyclone_idai_2019,2019-03-17__api-strong__schema_guided,machine,api-strong,api-strong/schema_guided,2019-03-17,15,15,0,0.7,0.6856795660398632
cyclone_idai_2019,2019-03-18__api-fast__generic,machine,api-fast,api-fast/generic,2019-03-18,15,15,0,0.7333333333333333,0.751681846084462
cyclone_idai_2019,2019-03-18__api-fast__schema_guided,machine,api-fast,api-fast/schema_guided,2019-03-18,15,15,0,0.7,0.6856795660398632
cyclone_idai_2019,2019-03-18__api-strong__generic,machine,api-strong,api-strong/generic,2019-03-18,15,15,0,0.6666666666666666,0.6621900955864851
cyclone_idai_2019,2019-03-18__api-strong__schema_guided,machine,api-strong,api-strong/schema_guided,2019-03-18,15,15,0,0.7666666666666667,0.7293073424952707
cyclone_idai_2019,2019-03-19__api-fast__generic,machine,api-fast,api-fast/generic,2019-03-19,15,15,0,0.7333333333333333,0.7259499141851348
cyclone_idai_2019,2019-03-19__api-fast__schema_guided,machine,api-fast,api-fast/schema_guided,2019-03-19,15,15,0,0.7,0.6599538979993237
cyclone_idai_2019,2019-03-19__api-strong__generic,machine,api-strong,api-strong/generic,2019-03-19,15,15,0,0.6333333333333333,0.638700625133107
cyclone_idai_2019,2019-03-19__api-strong__schema_guided,machine,api-strong,api-strong/schema_guided,2019-03-19,15,15,0,0.7333333333333333,0.7125264648033774
cyclone_idai_2019,2019-03-20__api-fast__generic,machine,api-fast,api-fast/generic,2019-03-20,15,15,0,0.6,0.6185685829898651
cyclone_idai_2019,2019-03-20__api-fast__schema_guided,machine,api-fast,api-fast/schema_guided,2019-03-20,15,15,0,0.7333333333333333,0.7002242461445949
cyclone_idai_2019,2019-03-20__api-strong__generic,machine,api-strong,api-strong/generic,2019-03-20,15,15,0,0.7,0.7024604437317564
cyclone_idai_2019,2019-03-20__api-strong__schema_guided,machine,api-strong,api-strong/schema_guided,2019-03-20,15,15,0,0.7333333333333333,0.7125264648033774
cyclone_idai_2019,2019-03-21__api-fast__generic,machine,api-fast,api-fast/generic,2019-03-21,15,15,0,0.6333333333333333,0.6230409781641884
cyclone_idai_2019,2019-03-21__api-fast__schema_guided,machine,api-fast,api-fast/schema_guided,2019-03-21,15,15,0,0.7,0.6834496323114893
cyclone_idai_2019,2019-03-21__api-strong__generic,machine,api-strong,api-strong/generic,2019-03-21,15,15,0,0.6,0.6029089360209463
cyclone_idai_2019,2019-03-21__api-strong__schema_guided,machine,api-strong,api-strong/schema_guided,2019-03-21,15,15,0,0.6666666666666666,0.6208047805770268
cyclone_idai_2019,2019-03-22__api-fast__generic,machine,api-fast,api-fast/generic,2019-03-22,15,15,0,0.7,0.7024604437317564
cyclone_idai_2019,2019-03-22__api-fast__schema_guided,machine,api-fast,api-fast/schema_guided,2019-03-22,15,15,0,0.8,0.8020119514425669
cyclone_idai_2019,2019-03-22__api-strong__generic,machine,api-strong,api-strong/generic,2019-03-22,15,15,0,0.7,0.7024604437317564
cyclone_idai_2019,2019-03-22__api-strong__schema_guided,machine,api-strong,api-strong/schema_guided,2019-03-22,15,15,0,0.8333333333333334,0.8154354008243239
cyclone_idai_2019,2019-03-23__api-fast__generic,machine,api-fast,api-fast/generic,2019-03-23,15,15,0,0.7,0.7024604437317564
cyclone_idai_2019,2019-03-23__api-fast__schema_guided,machine,api-fast,api-fast/schema_guided,2019-03-23,15,15,0,0.7333333333333333,0.7293073424952708
cyclone_idai_2019,2019-03-23__api-strong__generic,machine,api-strong,api-strong/generic,2019-03-23,15,15,0,0.6666666666666666,0.6633113263094598
cyclone_idai_2019,2019-03-23__api-strong__schema_guided,machine,api-strong,api-strong/schema_guided,2019-03-23,15,15,0,0.7666666666666667,0.756154241258785
cyclone_idai_2019,2019-03-24__api-fast__generic,machine,api-fast,api-fast/generic,2019-03-24,15,15,0,0.6,0.6185685829898651
cyclone_idai_2019,2019-03-24__api-fast__schema_guided,machine,api-fast,api-fast/schema_guided,2019-03-24,15,15,0,0.6666666666666666,0.6621900955864851
cyclone_idai_2019,2019-03-24__api-strong__generic,machine,api-strong,api-strong/generic,2019-03-24,15,15,0,0.6333333333333333,0.6588389311351366
cyclone_idai_2019,2019-03-24__api-strong__schema_guided,machine,api-strong,api-strong/schema_guided,2019-03-24,15,15,0,0.6666666666666666,0.6823284015885147
cyclone_idai_2019,2019-03-25__api-fast__generic,machine,api-fast,api-fast/generic,2019-03-25,15,15,0,0.7666666666666667,0.7729351189506787
cyclone_idai_2019,2019-03-25__api-fast__schema_guided,machine,api-fast,api-fast/schema_guided,2019-03-25,15,15,0,0.8333333333333334,0.8098480387858138
cyclone_idai_2019,2019-03-25__api-strong__generic,machine,api-strong,api-strong/generic,2019-03-25,15,15,0,0.7,0.6923944226601355
cyclone_idai_2019,2019-03-25__api-strong__schema_guided,machine,api-strong,api-strong/schema_guided,2019-03-25,15,15,0,0.8,0.7796437117121632
cyclone_idai_2019,2019-03-26__api-fast__generic,machine,api-fast,api-fast/generic,2019-03-26,15,15,0,0.6,0.6308708016486477
cyclone_idai_2019,2019-03-26__api-strong__generic,machine,api-strong,api-strong/generic,2019-03-26,15,15,0,0.7333333333333333,0.7505543515026999
cyclone_idai_2019,2019-03-26__api-strong__schema_guided,machine,api-strong,api-strong/schema_guided,2019-03-26,15,15,0,0.8333333333333334,0.825501421895945
cyclone_idai_2019,2019-03-27__api-fast__generic,machine,api-fast,api-fast/generic,2019-03-27,15,15,0,0.8,0.7863585683324356
cyclone_idai_2019,2019-03-27__api-fast__schema_guided,machine,api-fast,api-fast/schema_guided,2019-03-27,15,15,0,0.8333333333333334,0.7964245894040566
cyclone_idai_2019,2019-03-27__api-strong__generic,machine,api-strong,api-strong/generic,2019-03-27,15,15,0,0.7333333333333333,0.7203625521466244
cyclone_idai_2019,2019-03-27__api-strong__schema_guided,machine,api-strong,api-strong/schema_guided,2019-03-27,15,15,0,0.8666666666666667,0.8467609586209489
cyclone_idai_2019,2019-03-28__api-fast__generic,machine,api-fast,api-fast/generic,2019-03-28,15,15,0,0.7,0.7091753003520289
cyclone_idai_2019,2019-03-28__api-fast__schema_guided,machine,api-fast,api-fast/schema_guided,2019-03-28,15,15,0,0.8,0.7796437117121632
cyclone_idai_2019,2019-03-28__api-strong__generic,machine,api-strong,api-strong/generic,2019-03-28,15,15,0,0.7333333333333333,0.7293073424952708
cyclone_idai_2019,2019-03-28__api-strong__schema_guided,machine,api-strong,api-strong/schema_guided,2019-03-28,15,15,0,0.8333333333333334,0.7964245894040566
cyclone_idai_2019,2019-03-29__api-fast__generic,machine,api-fast,api-fast/generic,2019-03-29,15,15,0,0.7,0.7035816744547311
cyclone_idai_2019,2019-03-29__api-fast__schema_guided,machine,api-fast,api-fast/schema_guided,2019-03-29,15,15,0,0.7,0.7035816744547311
cyclone_idai_2019,2019-03-29__api-strong__generic,machine,api-strong,api-strong/generic,2019-03-29,15,15,0,0.6333333333333333,0.6431792841662178
cyclone_idai_2019,2019-03-29__api-strong__schema_guided,machine,api-strong,api-strong/schema_guided,2019-03-29,15,15,0,0.7333333333333333,0.732664770805407
cyclone_idai_2019,2019-03-30__api-fast__generic,machine,api-fast,api-fast/generic,2019-03-30,15,15,0,0.7333333333333333,0.7069391027648673
cyclone_idai_2019,2019-03-30__api-fast__schema_guided,machine,api-fast,api-fast/schema_guided,2019-03-30,15,15,0,0.7666666666666667,0.7639903286020321
cyclone_idai_2019,2019-03-30__api-strong__generic,machine,api-strong,api-strong/generic,2019-03-30,15,15,0,0.7,0.6778622702729791
cyclone_idai_2019,2019-03-30__api-strong__schema_guided,machine,api-strong,api-strong/schema_guided,2019-03-30,15,15,0,0.7333333333333333,0.7270774087668969
cyclone_idai_2019,2019-03-31__api-fast__generic,machine,api-fast,api-fast/generic,2019-03-31,15,15,0,0.6666666666666666,0.6834496323114893
cyclone_idai_2019,2019-03-31__api-fast__schema_guided,machine,api-fast,api-fast/schema_guided,2019-03-31,15,15,0,0.7666666666666667,0.7583904388459466
cyclone_idai_2019,2019-03-31__api-strong__generic,machine,api-strong,api-strong/generic,2019-03-31,15,15,0,0.6333333333333333,0.6342344938175714
cyclone_idai_2019,2019-03-31__api-strong__schema_guided,machine,api-strong,api-strong/schema_guided,2019-03-31,15,15,0,0.6333333333333333,0.6140961878155419
cyclone_idai_2019,2019-04-01__api-fast__generic,machine,api-fast,api-fast/generic,2019-04-01,15,15,0,0.7,0.6577239642709495
cyclone_idai_2019,2019-04-01__api-fast__schema_guided,machine,api-fast,api-fast/schema_guided,2019-04-01,15,15,0,0.7666666666666667,0.6957581148290594
cyclone_idai_2019,2019-04-01__api-strong__generic,machine,api-strong,api-strong/generic,2019-04-01,15,15,0,0.7,0.6543727998196008
cyclone_idai_2019,2019-04-01__api-strong__schema_guided,machine,api-strong,api-strong/schema_guided,2019-04-01,15,15,0,0.7,0.6476579431993285
cyclone_idai_2019,2019-04-02__api-fast__generic,machine,api-fast,api-fast/generic,2019-04-02,15,15,0,0.7333333333333333,0.7304285732182455
cyclone_idai_2019,2019-04-02__api-fast__schema_guided,machine,api-fast,api-fast/schema_guided,2019-04-02,15,15,0,0.6666666666666666,0.6319982962304098
cyclone_idai_2019,2019-04-02__api-strong__generic,machine,api-strong,api-strong/generic,2019-04-02,15,15,0,0.7,0.6812134347243276
cyclone_idai_2019,2019-04-02__api-strong__schema_guided,machine,api-strong,api-strong/schema_guided,2019-04-02,15,15,0,0.6666666666666666,0.6286408679202737
cyclone_idai_2019,2019-04-03__api-fast__generic,machine,api-fast,api-fast/generic,2019-04-03,15,15,0,0.8,0.8221502574445964
cyclone_idai_2019,2019-04-03__api-fast__schema_guided,machine,api-fast,api-fast/schema_guided,2019-04-03,15,15,0,0.8,0.7729351189506785
cyclone_idai_2019,2019-04-03__api-strong__generic,machine,api-strong,api-strong/generic,2019-04-03,15,15,0,0.7333333333333333,0.7449669894641896
cyclone_idai_2019,2019-04-03__api-strong__schema_guided,machine,api-strong,api-strong/schema_guided,2019-04-03,15,15,0,0.8666666666666667,0.8422822995878383
cyclone_idai_2019,2019-04-09__api-fast__generic,machine,api-fast,api-fast/generic,2019-04-09,15,15,0,0.6333333333333333,0.6387068889918947
cyclone_idai_2019,2019-04-09__api-fast__schema_guided,machine,api-fast,api-fast/schema_guided,2019-04-09,15,15,0,0.7333333333333333,0.7091753003520288
cyclone_idai_2019,2019-04-09__api-strong__generic,machine,api-strong,api-strong/generic,2019-04-09,15,15,0,0.6666666666666666,0.6621963594452727
cyclone_idai_2019,2019-04-09__api-strong__schema_guided,machine,api-strong,api-strong/schema_guided,2019-04-09,15,15,0,0.8,0.7729351189506785
cyclone_idai_2019,2019-04-10__api-fast__generic,machine,api-fast,api-fast/generic,2019-04-10,15,15,0,0.6,0.565996016185811
cyclone_idai_2019,2019-04-10__api-fast__schema_guided,machine,api-fast,api-fast/schema_guided,2019-04-10,15,15,0,0.6666666666666666,0.6364706914047331
cyclone_idai_2019,2019-04-10__api-strong__generic,machine,api-strong,api-strong/generic,2019-04-10,15,15,0,0.6666666666666666,0.6521303383736519
cyclone_idai_2019,2019-04-10__api-strong__schema_guided,machine,api-strong,api-strong/schema_guided,2019-04-10,15,15,0,0.7333333333333333,0.7259561780439223
cyclone_idai_2019,2019-04-11__api-fast__generic,machine,api-fast,api-fast/generic,2019-04-11,15,15,0,0.5333333333333333,0.5134297132405448
cyclone_idai_2019,2019-04-11__api-fast__schema_guided,machine,api-fast,api-fast/schema_guided,2019-04-11,15,15,0,0.7,0.6745048419628429
cyclone_idai_2019,2019-04-11__api-strong__generic,machine,api-strong,api-strong/generic,2019-04-11,15,15,0,0.6333333333333333,0.6006790022925724
cyclone_idai_2019,2019-04-11__api-strong__schema_guided,machine,api-strong,api-strong/schema_guided,2019-04-11,15,15,0,0.7,0.6767410395500045
cyclone_idai_2019,2019-04-12__api-fast__schema_guided,machine,api-fast,api-fast/schema_guided,2019-04-12,15,15,0,0.6666666666666666,0.6375919221277077
cyclone_idai_2019,2019-04-12__api-strong__generic,machine,api-strong,api-strong/generic,2019-04-12,15,15,0,0.7,0.6868070606216254
cyclone_idai_2019,2019-04-12__api-strong__schema_guided,machine,api-strong,api-strong/schema_guided,2019-04-12,15,15,0,0.7666666666666667,0.7371434298385178
cyclone_idai_2019,2019-04-14__api-fast__generic,machine,api-fast,api-fast/generic,2019-04-14,15,15,0,0.5333333333333333,0.542506545732433
cyclone_idai_2019,2019-04-14__api-fast__schema_guided,machine,api-fast,api-fast/schema_guided,2019-04-14,15,15,0,0.6,0.5906067173621637
cyclone_idai_2019,2019-04-14__api-strong__generic,machine,api-strong,api-strong/generic,2019-04-14,15,15,0,0.5666666666666667,0.5827768938777044
cyclone_idai_2019,2019-04-14__api-strong__schema_guided,machine,api-strong,api-strong/schema_guided,2019-04-14,15,15,0,0.6333333333333333,0.6364644275459456
cyclone_idai_2019,2019-04-15__api-fast__generic,machine,api-fast,api-fast/generic,2019-04-15,15,15,0,0.6666666666666666,0.6521303383736519
cyclone_idai_2019,2019-04-15__api-fast__schema_guided,machine,api-fast,api-fast/schema_guided,2019-04-15,15,15,0,0.7333333333333333,0.7259561780439223
cyclone_idai_2019,2019-04-15__api-strong__generic,machine,api-strong,api-strong/generic,2019-04-15,15,15,0,0.6666666666666666,0.646536712476354
cyclone_idai_2019,2019-04-15__api-strong__schema_guided,machine,api-strong,api-strong/schema_guided,2019-04-15,15,15,0,0.7666666666666667,0.7460882201871641
