category,label,count
agency,agency_acronym,1651
agency,agency_name,804
update,as_of_date,395
sourcing,according_to,369
update,update_number,203
hedge,reportedly,188
hedge,estimated,112
hedge,possibly,85
hedge,approximately,61
update,revised,61
hedge,modal_may,43
hedge,modal_could,34
update,this_update,30
update,reporting_period,29
hedge,preliminary,27
hedge,likely,24
sourcing,data_from,17
sourcing,source_label,10
hedge,to_be_confirmed,8
sourcing,reported_by,8
hedge,appears_to,5
sourcing,as_per,5
hedge,not_yet_confirmed,4
sourcing,reports_indicate,4
hedge,subject_to_change,2
hedge,tentative,2
hedge,unconfirmed,2
hedge,roughly,1
hedge,unverified,1
update,previously_reported,1
