event,sitrep_id,source,date,n_chars,n_tokens,sourcing_phrases,agency_mentions,sourcing_cues,hedges,hedge_types,as_of_dates,revision_markers,update_markers,n_figures,n_figures_with_source,figure_with_source_rate,sourcing_per_1k,hedges_per_1k,update_markers_per_1k,figures_per_1k
cyclone-idai-2019,manual-cyclone-idai-2019-sa-cyclone-and-flooding-snapshot-11032019-pdf,OCHA,2019-03-11,3928,596,4,3,7,6,3,1,0,1,51,4,0.0784,11.745,10.067,1.678,85.57
cyclone-idai-2019,manual-cyclone-idai-2019-sa-cyclone-and-flooding-snapshot-12032019-pdf,OCHA,2019-03-12,5283,806,4,3,7,14,7,2,0,2,39,7,0.1795,8.685,17.37,2.481,48.387
cyclone-idai-2019,manual-cyclone-idai-2019-mdrmz014do-pdf,IFRC,2019-03-14,42131,6522,4,97,101,17,7,2,0,2,442,78,0.1765,15.486,2.607,0.307,67.771
cyclone-idai-2019,manual-cyclone-idai-2019-mozambique-tropical-cyclones-idai-and-kenneth-emergency-appeal,IFRC,2019-03-14,64121,9731,12,182,194,19,7,2,22,24,227,69,0.304,19.936,1.953,2.466,23.328
cyclone-idai-2019,manual-cyclone-idai-2019-rosea-20190315-mozambique-cycloneidai-flashupdate-1-pdf,OCHA,2019-03-15,3299,505,2,6,8,4,4,0,1,1,14,1,0.0714,15.842,7.921,1.98,27.723
cyclone-idai-2019,manual-cyclone-idai-2019-rosea-20190316-tc-idai-flash-update2-pdf,OCHA,2019-03-16,3992,608,4,9,13,3,3,0,1,1,15,7,0.4667,21.382,4.934,1.645,24.671
cyclone-idai-2019,manual-cyclone-idai-2019-rosea-20190317-mozambique-cyclone-idai-flash-update-3-1-pdf,OCHA,2019-03-17,5098,817,3,12,15,9,7,0,1,1,14,7,0.5,18.36,11.016,1.224,17.136
cyclone-idai-2019,manual-cyclone-idai-2019-rosea-20190317-zimbabwe-floods-flash-update-1-map-pdf,OCHA,2019-03-17,3903,576,3,7,10,6,4,0,1,1,13,4,0.3077,17.361,10.417,1.736,22.569
cyclone-idai-2019,manual-cyclone-idai-2019-rosea-20190318-mozambique-cyclone-idai-flash-update-4-1-pdf,OCHA,2019-03-18,6076,946,5,16,21,13,3,0,1,1,18,9,0.5,22.199,13.742,1.057,19.027
cyclone-idai-2019,manual-cyclone-idai-2019-rosea-20190318-zimbabwe-floods-flash-update-2-pdf,OCHA,2019-03-18,3225,475,0,5,5,6,4,0,1,1,11,0,0.0,10.526,12.632,2.105,23.158
cyclone-idai-2019,manual-cyclone-idai-2019-rosea-20190320-mozambique-floods-flash-update-6-pdf,OCHA,2019-03-20,7583,1180,5,12,17,5,2,0,1,1,34,13,0.3824,14.407,4.237,0.847,28.814
cyclone-idai-2019,manual-cyclone-idai-2019-rosea-20190320-mozambique-flash-update-5-pdf,OCHA,2019-03-20,4347,693,3,8,11,9,4,0,1,1,15,6,0.4,15.873,12.987,1.443,21.645
cyclone-idai-2019,manual-cyclone-idai-2019-rosea-20190321-zimbabwe-floods-flash-update-4-pdf,OCHA,2019-03-21,3787,580,6,2,8,7,2,0,1,1,19,9,0.4737,13.793,12.069,1.724,32.759
cyclone-idai-2019,manual-cyclone-idai-2019-rosea-20190323-mozambique-floods-flash-update-7-final-pdf,OCHA,2019-03-23,14512,2255,11,30,41,14,6,0,1,1,97,55,0.567,18.182,6.208,0.443,43.016
cyclone-idai-2019,manual-cyclone-idai-2019-rosea-20190323-zimbabwe-floods-flash-update-5-final-pdf,OCHA,2019-03-23,5542,847,6,8,14,9,3,1,1,2,45,16,0.3556,16.529,10.626,2.361,53.129
cyclone-idai-2019,manual-cyclone-idai-2019-rosea-20190324-mozambique-floods-flash-update-8-final-pdf,OCHA,2019-03-24,9789,1508,11,22,33,9,3,3,1,4,55,31,0.5636,21.883,5.968,2.653,36.472
cyclone-idai-2019,manual-cyclone-idai-2019-rosea-20190325-mozambique-floods-flash-update-9-final-pdf,OCHA,2019-03-25,10539,1598,7,16,23,12,4,1,1,2,66,31,0.4697,14.393,7.509,1.252,41.302
cyclone-idai-2019,manual-cyclone-idai-2019-rosea-20190326-mozambique-floods-flash-update-10-final-pdf,OCHA,2019-03-26,6971,1069,7,12,19,2,1,5,1,6,53,27,0.5094,17.774,1.871,5.613,49.579
cyclone-idai-2019,manual-cyclone-idai-2019-rosea-20190327-mozambique-floods-flash-update-11-final-pdf,OCHA,2019-03-27,12228,1858,4,21,25,8,2,4,2,6,72,27,0.375,13.455,4.306,3.229,38.751
cyclone-idai-2019,manual-cyclone-idai-2019-zimbabwe-20190327-sitrep-1-pdf,OCHA,2019-03-27,25140,3773,6,71,77,8,3,5,13,18,123,48,0.3902,20.408,2.12,4.771,32.6
cyclone-idai-2019,manual-cyclone-idai-2019-rosea-20190328-mozambique-floods-flash-update-12-final-pdf,OCHA,2019-03-28,11002,1697,6,19,25,9,4,4,1,5,59,32,0.5424,14.732,5.303,2.946,34.767
cyclone-idai-2019,manual-cyclone-idai-2019-rosea-20190329-mozambique-floods-flash-update-13-final-pdf,OCHA,2019-03-29,8868,1352,6,22,28,8,3,5,1,6,56,30,0.5357,20.71,5.917,4.438,41.42
cyclone-idai-2019,manual-cyclone-idai-2019-rosea-20190330-mozambique-floods-flash-update-14-final-pdf,OCHA,2019-03-30,9363,1439,9,12,21,2,2,4,1,5,71,29,0.4085,14.593,1.39,3.475,49.34
cyclone-idai-2019,manual-cyclone-idai-2019-logistics-sector-zimbabwe-situation-update-190330-pdf,WFP,2019-03-30,4222,683,0,5,5,0,0,2,0,2,13,1,0.0769,7.321,0.0,2.928,19.034
cyclone-idai-2019,manual-cyclone-idai-2019-rosea-20190401-mozambique-floods-flash-update-15-final-pdf,OCHA,2019-04-01,7518,1165,5,11,16,0,0,5,1,6,65,27,0.4154,13.734,0.0,5.15,55.794
cyclone-idai-2019,manual-cyclone-idai-2019-mozambique-cylone-idai-floods-situation-report-no-1-02-april-2,OCHA,2019-04-02,28013,4324,10,42,52,15,6,15,10,25,148,56,0.3784,12.026,3.469,5.782,34.228
cyclone-idai-2019,manual-cyclone-idai-2019-mozambique-cyclone-idai-floods-situation-report-no-2-03-april,OCHA,2019-04-03,29830,4544,17,47,64,15,6,20,10,30,166,74,0.4458,14.085,3.301,6.602,36.532
cyclone-idai-2019,manual-cyclone-idai-2019-mdrzw014dfr-pdf,IFRC,2019-04-04,39767,6038,1,98,99,7,3,0,0,0,391,87,0.2225,16.396,1.159,0.0,64.757
cyclone-idai-2019,manual-cyclone-idai-2019-mozambique-cyclone-idai-floods-situation-report-no-3-04-april,OCHA,2019-04-04,30457,4697,13,43,56,17,6,18,10,28,127,57,0.4488,11.923,3.619,5.961,27.039
cyclone-idai-2019,manual-cyclone-idai-2019-mozambique-cylone-idai-floods-situation-report-no4-06april2019,OCHA,2019-04-06,34301,5333,8,59,67,14,6,16,11,27,182,65,0.3571,12.563,2.625,5.063,34.127
cyclone-idai-2019,manual-cyclone-idai-2019-rosea-20190407-mozambique-sitrep-5-6-april-pdf,OCHA,2019-04-07,30388,4639,14,55,69,16,4,15,12,27,172,70,0.407,14.874,3.449,5.82,37.077
cyclone-idai-2019,manual-cyclone-idai-2019-iom-mozambique-cyclone-idai-response-sitrep-3-04-08-april-2019,IOM,2019-04-08,10421,1611,3,51,54,3,1,5,1,6,79,57,0.7215,33.52,1.862,3.724,49.038
cyclone-idai-2019,manual-cyclone-idai-2019-rosea-20190408-mozambique-sitrep-6-7april-pdf,OCHA,2019-04-08,28535,4397,12,56,68,17,7,12,12,24,167,67,0.4012,15.465,3.866,5.458,37.98
cyclone-idai-2019,manual-cyclone-idai-2019-rosea-20190409-mozambique-sitrep-7-8-april-final-for-upload-pd,OCHA,2019-04-09,29332,4466,10,63,73,10,4,12,11,23,164,74,0.4512,16.346,2.239,5.15,36.722
cyclone-idai-2019,manual-cyclone-idai-2019-rosea-20190410-mozambique-sitrep-8-9-april-pdf,OCHA,2019-04-10,25064,3846,11,41,52,14,4,13,10,23,133,53,0.3985,13.521,3.64,5.98,34.581
cyclone-idai-2019,manual-cyclone-idai-2019-zimbabwe-sitrep-2-10-april-2019-pdf,OCHA,2019-04-10,29594,4413,6,64,70,16,9,3,15,18,168,51,0.3036,15.862,3.626,4.079,38.069
cyclone-idai-2019,manual-cyclone-idai-2019-rosea-20190411-mozambique-sitrep-pdf,OCHA,2019-04-11,25249,3866,11,45,56,16,5,13,10,23,146,55,0.3767,14.485,4.139,5.949,37.765
cyclone-idai-2019,manual-cyclone-idai-2019-unicef-mozambique-humanitarian-situation-report-5-cyclone-idai,UNICEF,2019-04-11,26765,3979,2,112,114,5,2,3,3,6,248,56,0.2258,28.65,1.257,1.508,62.327
cyclone-idai-2019,manual-cyclone-idai-2019-rosea-20190413-mozambique-sitrep-11-12-april-for-upload-pdf,OCHA,2019-04-13,26084,4000,13,42,55,13,6,13,10,23,160,56,0.35,13.75,3.25,5.75,40.0
cyclone-idai-2019,manual-cyclone-idai-2019-rosea-20190414-mozambique-sitrep-12-13-april-pdf,OCHA,2019-04-14,23122,3567,12,36,48,13,5,12,9,21,147,48,0.3265,13.457,3.645,5.887,41.211
cyclone-idai-2019,manual-cyclone-idai-2019-rosea-20190416-mozambique-sitrep-14-15-april-for-upload-pdf,OCHA,2019-04-16,23535,3603,6,55,61,11,7,16,9,25,138,46,0.3333,16.93,3.053,6.939,38.301
cyclone-idai-2019,manual-cyclone-idai-2019-rosea-20190418-mozambique-sitrep-16-as-of-18-april-2019-final,OCHA,2019-04-18,29679,4573,19,52,71,20,5,24,11,35,159,64,0.4025,15.526,4.373,7.654,34.769
cyclone-idai-2019,manual-cyclone-idai-2019-unicef-mozambique-humanitarian-situation-report-no-6-as-of-19,UNICEF,2019-04-19,32425,4758,2,112,114,9,6,7,1,8,267,62,0.2322,23.96,1.892,1.681,56.116
cyclone-idai-2019,manual-cyclone-idai-2019-whositrep3mozambique19april2019-pdf,WHO,2019-04-19,15762,2437,2,34,36,3,3,5,1,6,126,35,0.2778,14.772,1.231,2.462,51.703
cyclone-idai-2019,manual-cyclone-idai-2019-rosea-20190420-mozambique-sitrep17-as-of-20april2019-for-uploa,OCHA,2019-04-20,23959,3611,17,41,58,16,5,14,10,24,142,63,0.4437,16.062,4.431,6.646,39.324
cyclone-idai-2019,manual-cyclone-idai-2019-rosea-20190422-mozambique-sitrep-18-as-of-22-april-2019-pdf,OCHA,2019-04-22,29598,4510,16,48,64,22,7,15,11,26,182,52,0.2857,14.191,4.878,5.765,40.355
cyclone-idai-2019,manual-cyclone-idai-2019-zimbabwe-sitrep4-24april2019-pdf,OCHA,2019-04-24,34658,5184,5,50,55,12,5,2,17,19,167,27,0.1617,10.61,2.315,3.665,32.215
cyclone-idai-2019,manual-cyclone-idai-2019-rosea-20190429-mozambique-sitrep-19-as-of-29-april-2019-for-up,OCHA,2019-04-29,37273,5658,18,47,65,17,5,25,13,38,217,65,0.2995,11.488,3.005,6.716,38.353
cyclone-idai-2019,manual-cyclone-idai-2019-unicef-mozambique-humanitarian-situation-report-no-7-cyclone-i,UNICEF,2019-05-01,28570,4172,0,105,105,6,4,2,4,6,245,61,0.249,25.168,1.438,1.438,58.725
cyclone-idai-2019,manual-cyclone-idai-2019-rosea-20190506-mozambique-sitrep-20-as-of-6-may-2019-for-uploa,OCHA,2019-05-06,38470,5917,20,48,68,18,5,15,14,29,223,49,0.2197,11.492,3.042,4.901,37.688
cyclone-idai-2019,manual-cyclone-idai-2019-who-sitrep-6-mozambique-10-may-2019-pdf,WHO,2019-05-10,26150,4165,2,54,56,19,8,22,1,23,275,42,0.1527,13.445,4.562,5.522,66.026
cyclone-idai-2019,manual-cyclone-idai-2019-rosea-20190513-mozambique-sitrep-21-as-of-13-may-2019-for-uplo,OCHA,2019-05-13,32035,4878,11,40,51,20,5,16,11,27,215,61,0.2837,10.455,4.1,5.535,44.075
cyclone-idai-2019,manual-cyclone-idai-2019-rosea-20190520-mozambique-sitrep-22-as-of-20-may-for-upload-pd,OCHA,2019-05-20,29674,4518,8,36,44,12,6,9,10,19,175,56,0.32,9.739,2.656,4.205,38.734
cyclone-idai-2019,manual-cyclone-idai-2019-mdrmz014ou2-pdf,IFRC,2019-06-24,103272,15878,9,233,242,23,8,3,20,23,786,115,0.1463,15.241,1.449,1.449,49.502
cyclone-idai-2019,manual-cyclone-idai-2019-sa-cyclone-and-flooding-snapshot-10072019-pdf,OCHA,2019-07-10,4410,662,1,4,5,1,1,2,0,2,77,1,0.013,7.553,1.511,3.021,116.314
cyclone-idai-2019,manual-cyclone-idai-2019-etc-mozambique-sitrep-10-1-pdf,WFP,undated,8067,1207,1,31,32,0,0,2,2,4,25,7,0.28,26.512,0.0,3.314,20.713
ALL,TOTAL,56 sitreps,,1196926,182730,413,2455,2868,599,16,395,324,719,7704,2300,0.2985,15.695,3.278,3.935,42.161
