rank,direction,metric,sitrep_id,event,date,model,arm,metric_value,metric_pct_rank,completeness,completeness_pct_rank,gap,n
1,high_reference_low_completeness,rouge_l_f,2019-03-15__api-fast__generic,cyclone_idai_2019,2019-03-15,api-fast,generic,0.1642,1.0,0.3333,0.005,0.995,102
2,high_reference_low_completeness,rouge_l_f,2019-03-15__api-strong__generic,cyclone_idai_2019,2019-03-15,api-strong,generic,0.1558,0.98,0.3333,0.005,0.975,102
3,high_reference_low_completeness,rouge_l_f,2019-03-15__api-fast__schema_guided,cyclone_idai_2019,2019-03-15,api-fast,schema_guided,0.1463,0.96,0.4,0.02,0.941,102
4,high_reference_low_completeness,rouge_l_f,2019-03-15__api-strong__schema_guided,cyclone_idai_2019,2019-03-15,api-strong,schema_guided,0.1422,0.931,0.4333,0.03,0.901,102
5,high_reference_low_completeness,rouge_l_f,2019-03-20__api-fast__generic,cyclone_idai_2019,2019-03-20,api-fast,generic,0.1557,0.97,0.6667,0.104,0.866,102
1,low_reference_high_completeness,rouge_l_f,2019-04-03__api-strong__schema_guided,cyclone_idai_2019,2019-04-03,api-strong,schema_guided,0.098,0.099,0.9333,0.97,-0.871,102
2,low_reference_high_completeness,rouge_l_f,2019-03-19__api-strong__schema_guided,cyclone_idai_2019,2019-03-19,api-strong,schema_guided,0.1067,0.228,0.9,0.896,-0.668,102
3,low_reference_high_completeness,rouge_l_f,2019-03-21__api-fast__schema_guided,cyclone_idai_2019,2019-03-21,api-fast,schema_guided,0.0873,0.01,0.8333,0.678,-0.668,102
4,low_reference_high_completeness,rouge_l_f,2019-04-03__api-strong__generic,cyclone_idai_2019,2019-04-03,api-strong,generic,0.1,0.149,0.8667,0.797,-0.649,102
5,low_reference_high_completeness,rouge_l_f,2019-03-26__api-strong__schema_guided,cyclone_idai_2019,2019-03-26,api-strong,schema_guided,0.1124,0.307,0.9,0.896,-0.589,102
1,high_reference_low_completeness,bertscore_f1,2019-03-15__api-strong__generic,cyclone_idai_2019,2019-03-15,api-strong,generic,0.8314,0.95,0.3333,0.005,0.946,102
2,high_reference_low_completeness,bertscore_f1,2019-03-20__api-fast__generic,cyclone_idai_2019,2019-03-20,api-fast,generic,0.8393,1.0,0.6667,0.104,0.896,102
3,high_reference_low_completeness,bertscore_f1,2019-04-14__api-strong__generic,cyclone_idai_2019,2019-04-14,api-strong,generic,0.8277,0.886,0.6333,0.059,0.827,102
4,high_reference_low_completeness,bertscore_f1,2019-03-15__api-fast__generic,cyclone_idai_2019,2019-03-15,api-fast,generic,0.8253,0.822,0.3333,0.005,0.817,102
5,high_reference_low_completeness,bertscore_f1,2019-04-14__api-fast__generic,cyclone_idai_2019,2019-04-14,api-fast,generic,0.8262,0.842,0.6,0.05,0.792,102
1,low_reference_high_completeness,bertscore_f1,2019-04-01__api-strong__schema_guided,cyclone_idai_2019,2019-04-01,api-strong,schema_guided,0.7911,0.02,0.9333,0.97,-0.95,102
2,low_reference_high_completeness,bertscore_f1,2019-03-22__api-strong__schema_guided,cyclone_idai_2019,2019-03-22,api-strong,schema_guided,0.7961,0.059,0.9333,0.97,-0.911,102
3,low_reference_high_completeness,bertscore_f1,2019-04-01__api-fast__schema_guided,cyclone_idai_2019,2019-04-01,api-fast,schema_guided,0.7963,0.069,0.9,0.896,-0.827,102
4,low_reference_high_completeness,bertscore_f1,2019-03-27__api-strong__schema_guided,cyclone_idai_2019,2019-03-27,api-strong,schema_guided,0.8062,0.198,0.9333,0.97,-0.772,102
5,low_reference_high_completeness,bertscore_f1,2019-03-23__api-strong__schema_guided,cyclone_idai_2019,2019-03-23,api-strong,schema_guided,0.7957,0.03,0.8667,0.797,-0.767,102
1,high_reference_low_completeness,llm_judge_score,2019-03-16__api-strong__generic,cyclone_idai_2019,2019-03-16,api-strong,generic,9.0,0.975,0.7,0.178,0.797,102
2,high_reference_low_completeness,llm_judge_score,2019-03-21__api-fast__generic,cyclone_idai_2019,2019-03-21,api-fast,generic,9.0,0.975,0.7,0.178,0.797,102
3,high_reference_low_completeness,llm_judge_score,2019-03-15__api-strong__generic,cyclone_idai_2019,2019-03-15,api-strong,generic,8.0,0.644,0.3333,0.005,0.639,102
4,high_reference_low_completeness,llm_judge_score,2019-04-11__api-fast__generic,cyclone_idai_2019,2019-04-11,api-fast,generic,8.0,0.644,0.5667,0.04,0.604,102
5,high_reference_low_completeness,llm_judge_score,2019-04-11__api-strong__generic,cyclone_idai_2019,2019-04-11,api-strong,generic,9.0,0.975,0.7667,0.386,0.589,102
1,low_reference_high_completeness,llm_judge_score,2019-03-25__api-fast__schema_guided,cyclone_idai_2019,2019-03-25,api-fast,schema_guided,5.0,0.04,0.8667,0.797,-0.757,102
2,low_reference_high_completeness,llm_judge_score,2019-03-22__api-fast__schema_guided,cyclone_idai_2019,2019-03-22,api-fast,schema_guided,6.0,0.153,0.9,0.896,-0.743,102
3,low_reference_high_completeness,llm_judge_score,2019-03-23__api-fast__schema_guided,cyclone_idai_2019,2019-03-23,api-fast,schema_guided,6.0,0.153,0.9,0.896,-0.743,102
4,low_reference_high_completeness,llm_judge_score,2019-04-01__api-fast__generic,cyclone_idai_2019,2019-04-01,api-fast,generic,6.0,0.153,0.8667,0.797,-0.644,102
5,low_reference_high_completeness,llm_judge_score,2019-03-29__api-fast__schema_guided,cyclone_idai_2019,2019-03-29,api-fast,schema_guided,6.0,0.153,0.8333,0.678,-0.525,102
