slot_id,arm,deepseek,luna,qwen,consensus
access,api-fast/api-fast/generic,0.82,0.88,0.78,0.84
access,api-fast/api-fast/schema_guided,0.8958,0.9583,0.9375,0.9375
access,api-strong/api-strong/generic,0.8269,0.9423,0.8654,0.8846
access,api-strong/api-strong/schema_guided,0.9038,0.9231,0.9615,0.9231
access,human,0.8148,0.8796,0.8704,0.8796
casualties,api-fast/api-fast/generic,0.84,0.88,0.98,0.92
casualties,api-fast/api-fast/schema_guided,0.8696,0.913,0.9783,0.913
casualties,api-strong/api-strong/generic,0.8269,0.9038,0.9615,0.8654
casualties,api-strong/api-strong/schema_guided,0.9167,0.9375,0.9792,0.9375
casualties,human,0.8958,0.9583,0.9167,0.9167
coordination,api-fast/api-fast/generic,0.42,0.56,0.64,0.54
coordination,api-fast/api-fast/schema_guided,0.78,0.9,0.94,0.9
coordination,api-strong/api-strong/generic,0.48,0.6,0.62,0.56
coordination,api-strong/api-strong/schema_guided,0.8043,0.8696,0.9348,0.8696
coordination,human,0.81,0.92,0.94,0.9
currency_and_metadata,api-fast/api-fast/generic,0.5208,0.5417,0.5208,0.5208
currency_and_metadata,api-fast/api-fast/schema_guided,0.4167,0.5,0.4792,0.4167
currency_and_metadata,api-strong/api-strong/generic,0.5,0.5,0.6154,0.5
currency_and_metadata,api-strong/api-strong/schema_guided,0.46,0.5,0.5,0.46
currency_and_metadata,human,0.875,0.8542,0.8542,0.8542
damage,api-fast/api-fast/generic,0.7708,0.875,0.8333,0.8125
damage,api-fast/api-fast/schema_guided,0.7708,0.9792,0.9375,0.9375
damage,api-strong/api-strong/generic,0.75,0.9773,0.8864,0.8864
damage,api-strong/api-strong/schema_guided,0.8043,0.9348,0.9348,0.8913
damage,human,0.8571,0.9592,0.8776,0.898
displacement,api-fast/api-fast/generic,0.52,0.52,0.5,0.52
displacement,api-fast/api-fast/schema_guided,0.5417,0.5833,0.6042,0.5417
displacement,api-strong/api-strong/generic,0.54,0.54,0.54,0.54
displacement,api-strong/api-strong/schema_guided,0.5577,0.5962,0.5769,0.5577
displacement,human,0.8611,0.8796,0.8889,0.8796
education,api-fast/api-fast/generic,0.46,0.52,0.54,0.52
education,api-fast/api-fast/schema_guided,0.4792,0.7083,0.6042,0.5833
education,api-strong/api-strong/generic,0.4615,0.5192,0.5,0.4808
education,api-strong/api-strong/schema_guided,0.5,0.66,0.54,0.54
education,human,0.6759,0.6667,0.6944,0.6852
food,api-fast/api-fast/generic,0.6875,0.7917,0.7292,0.7292
food,api-fast/api-fast/schema_guided,0.8182,0.8636,0.8636,0.8409
food,api-strong/api-strong/generic,0.6731,0.7885,0.8077,0.7692
food,api-strong/api-strong/schema_guided,0.75,0.8636,0.8182,0.7955
food,human,0.7182,0.7545,0.7182,0.7364
funding,api-fast/api-fast/generic,0.5217,0.5652,0.8478,0.587
funding,api-fast/api-fast/schema_guided,0.5417,0.6458,0.8542,0.6458
funding,api-strong/api-strong/generic,0.5,0.5909,0.8182,0.5682
funding,api-strong/api-strong/schema_guided,0.5208,0.5833,0.8125,0.5833
funding,human,0.6354,0.6875,0.6979,0.6354
health,api-fast/api-fast/generic,0.4348,0.587,0.5435,0.5435
health,api-fast/api-fast/schema_guided,0.4545,0.6136,0.5909,0.5909
health,api-strong/api-strong/generic,0.4783,0.6087,0.5435,0.5217
health,api-strong/api-strong/schema_guided,0.4615,0.6538,0.6538,0.5962
health,human,0.7054,0.8036,0.75,0.75
needs_gaps,api-fast/api-fast/generic,0.619,0.7619,0.7619,0.6667
needs_gaps,api-fast/api-fast/schema_guided,0.7391,0.8913,0.8913,0.8696
needs_gaps,api-strong/api-strong/generic,0.675,0.75,0.65,0.7
needs_gaps,api-strong/api-strong/schema_guided,0.8654,0.9615,0.9615,0.9423
needs_gaps,human,0.8854,0.9167,0.8958,0.9062
response_actions,api-fast/api-fast/generic,1.0,1.0,1.0,1.0
response_actions,api-fast/api-fast/schema_guided,0.98,1.0,1.0,1.0
response_actions,api-strong/api-strong/generic,1.0,1.0,1.0,1.0
response_actions,api-strong/api-strong/schema_guided,1.0,1.0,1.0,1.0
response_actions,human,0.9732,0.9821,0.9821,0.9732
shelter,api-fast/api-fast/generic,0.6042,0.6667,0.625,0.6458
shelter,api-fast/api-fast/schema_guided,0.6739,0.8261,0.8261,0.7391
shelter,api-strong/api-strong/generic,0.64,0.78,0.74,0.72
shelter,api-strong/api-strong/schema_guided,0.6957,0.7609,0.8696,0.7174
shelter,human,0.59,0.66,0.73,0.66
sourcing,api-fast/api-fast/generic,0.9375,0.9792,0.8542,0.9167
sourcing,api-fast/api-fast/schema_guided,1.0,1.0,1.0,1.0
sourcing,api-strong/api-strong/generic,0.9348,1.0,0.9783,1.0
sourcing,api-strong/api-strong/schema_guided,0.9808,1.0,1.0,1.0
sourcing,human,0.9615,1.0,0.9808,0.9808
wash,api-fast/api-fast/generic,0.587,0.6957,0.6304,0.6304
wash,api-fast/api-fast/schema_guided,0.6522,0.8043,0.7609,0.7174
wash,api-strong/api-strong/generic,0.5417,0.7708,0.6458,0.6458
wash,api-strong/api-strong/schema_guided,0.7692,0.8654,0.8269,0.8269
wash,human,0.5625,0.625,0.6875,0.6042
