event,day,model,model_id,arm,n_posts,n_chunks,map_reduce,n_chars,status,request_hash
kerala-floods-2018,2018-08-17,api-strong,deepseek-v4-pro,generic,400,5,True,15620,ok,6c628a5fcd4ce116a759a7419a7c0f04fa5ac36e0cedc4812a82bf8453a0c5fc
kerala-floods-2018,2018-08-17,api-strong,deepseek-v4-pro,schema_guided,400,5,True,29919,ok,51c856d87ca6eb569465e41bde86f3a4a14780127cf2f9d94796f62afe0b108a
kerala-floods-2018,2018-08-17,api-fast,deepseek-v4-flash,generic,400,5,True,12204,ok,e5a9b550b8b4c74dcf7fd5eb8f74a1148ba0a2bc4ee53c8a61000e6f0a13706a
kerala-floods-2018,2018-08-17,api-fast,deepseek-v4-flash,schema_guided,400,5,True,19439,ok,22428cf1c798abd6f9e6bd256965d25851e3bb1c6ff1a9855afb9e2058d04ad0
kerala-floods-2018,2018-08-18,api-strong,deepseek-v4-pro,generic,400,5,True,11554,ok,e093bf4bed186ab3833c2198cfe24ba745b5abaf544ee3668f0ccd73827c7126
kerala-floods-2018,2018-08-18,api-strong,deepseek-v4-pro,schema_guided,400,5,True,16602,ok,26d50a7fe23391ba8016e646e4bcd2a196324f90c156de9716ff354be1e8e53d
kerala-floods-2018,2018-08-18,api-fast,deepseek-v4-flash,generic,400,5,True,10171,ok,190b8423416256ae427fa1d666b9db1278ebdb14b316a6182fccc7ab5d772e6d
kerala-floods-2018,2018-08-18,api-fast,deepseek-v4-flash,schema_guided,400,5,True,14881,ok,359a9b7fef727ecfc8b4fdf47a9b5a5868a70ab06ed1dd2ae1758ae479c30d43
kerala-floods-2018,2018-08-19,api-strong,deepseek-v4-pro,generic,400,5,True,16758,ok,dd9d052c245eebb30f3d2c7f16f3f383087ba3fb080b36d73008f66981093cd9
kerala-floods-2018,2018-08-19,api-strong,deepseek-v4-pro,schema_guided,400,5,True,19910,ok,efdf91d55fbbc3b0783bbb57d243373ae6f56b9fcd62abd15fb1bbbff62b1b18
kerala-floods-2018,2018-08-19,api-fast,deepseek-v4-flash,generic,400,5,True,9604,ok,53ad3e4b136481ea6b25ec893b6436e174eabc2f1d13791d5310eb0a337623e1
kerala-floods-2018,2018-08-19,api-fast,deepseek-v4-flash,schema_guided,400,5,True,15986,ok,b55c6e097aca936a0e708eec9877ccdb6857d19c19daf51a7edd4840b7e5d7b5
kerala-floods-2018,2018-08-20,api-strong,deepseek-v4-pro,generic,400,5,True,16373,ok,6f6b5caf1070a468274f9a20463781830fb633743241c962735599e23d217262
kerala-floods-2018,2018-08-20,api-strong,deepseek-v4-pro,schema_guided,400,5,True,23404,ok,b2300c6c96151934e16261fa2c3302158a0e0ca2406b9057eeea679e82d95071
kerala-floods-2018,2018-08-20,api-fast,deepseek-v4-flash,generic,400,5,True,8864,ok,bfc22ccb529433c0bc2d40de817776e070d2964b205f6e6a6e50e961d4576d95
kerala-floods-2018,2018-08-20,api-fast,deepseek-v4-flash,schema_guided,400,5,True,20728,ok,ae2643ac3966d0e0c971c5ac40cd29915b1154dace9615718cffad0708530d53
kerala-floods-2018,2018-08-21,api-strong,deepseek-v4-pro,generic,373,5,True,15600,ok,9f44e3c00a33a4045ed3b72643db9cc388cf562900d86aab49d38a066b3d7855
kerala-floods-2018,2018-08-21,api-strong,deepseek-v4-pro,schema_guided,373,5,True,26925,ok,edcdec9c16ae00bd2344f2f54ea3db79dbad0fb2b1d4a1431a8dfea76b7a2faf
kerala-floods-2018,2018-08-21,api-fast,deepseek-v4-flash,generic,373,5,True,12297,ok,5d8a08a6eb864a7eabfedf1faa7c33415c19a99e5fe86d557c770e4cc367e651
kerala-floods-2018,2018-08-21,api-fast,deepseek-v4-flash,schema_guided,373,5,True,30824,ok,39334de5adc483c1205382ae01a4cd2e05b15f320390d12f266f28a02c7484ee
