sitrep_id,event,source,date,phase,status,n_codes,model_id,cached,resumed,text_chars,truncated_input
manual-cyclone-idai-2019-sa-cyclone-and-flooding-snapshot-11032019-pdf,cyclone-idai-2019,OCHA,2019-03-11,early,ok,20,deepseek-v4-pro,False,False,3928,False
manual-cyclone-idai-2019-sa-cyclone-and-flooding-snapshot-12032019-pdf,cyclone-idai-2019,OCHA,2019-03-12,early,ok,20,deepseek-v4-pro,False,False,5283,False
manual-cyclone-idai-2019-mdrmz014do-pdf,cyclone-idai-2019,IFRC,2019-03-14,early,ok,28,deepseek-v4-pro,False,False,42131,True
manual-cyclone-idai-2019-mozambique-tropical-cyclones-idai-and-kenneth-emergency-appeal,cyclone-idai-2019,IFRC,2019-03-14,early,ok,26,deepseek-v4-pro,False,False,64121,True
manual-cyclone-idai-2019-rosea-20190315-mozambique-cycloneidai-flashupdate-1-pdf,cyclone-idai-2019,OCHA,2019-03-15,early,ok,20,deepseek-v4-pro,False,False,3299,False
manual-cyclone-idai-2019-rosea-20190316-tc-idai-flash-update2-pdf,cyclone-idai-2019,OCHA,2019-03-16,early,ok,20,deepseek-v4-pro,False,False,3992,False
manual-cyclone-idai-2019-rosea-20190317-mozambique-cyclone-idai-flash-update-3-1-pdf,cyclone-idai-2019,OCHA,2019-03-17,early,ok,21,deepseek-v4-pro,False,False,5098,False
manual-cyclone-idai-2019-rosea-20190317-zimbabwe-floods-flash-update-1-map-pdf,cyclone-idai-2019,OCHA,2019-03-17,early,ok,21,deepseek-v4-pro,False,False,3903,False
manual-cyclone-idai-2019-rosea-20190318-mozambique-cyclone-idai-flash-update-4-1-pdf,cyclone-idai-2019,OCHA,2019-03-18,early,ok,28,deepseek-v4-pro,False,False,6076,False
manual-cyclone-idai-2019-rosea-20190318-zimbabwe-floods-flash-update-2-pdf,cyclone-idai-2019,OCHA,2019-03-18,early,ok,20,deepseek-v4-pro,False,False,3225,False
manual-cyclone-idai-2019-rosea-20190320-mozambique-flash-update-5-pdf,cyclone-idai-2019,OCHA,2019-03-20,early,ok,20,deepseek-v4-pro,False,False,4347,False
manual-cyclone-idai-2019-rosea-20190320-mozambique-floods-flash-update-6-pdf,cyclone-idai-2019,OCHA,2019-03-20,early,ok,22,deepseek-v4-pro,False,False,7583,False
manual-cyclone-idai-2019-rosea-20190321-zimbabwe-floods-flash-update-4-pdf,cyclone-idai-2019,OCHA,2019-03-21,early,ok,18,deepseek-v4-pro,False,False,3787,False
manual-cyclone-idai-2019-rosea-20190323-mozambique-floods-flash-update-7-final-pdf,cyclone-idai-2019,OCHA,2019-03-23,early,ok,23,deepseek-v4-pro,False,False,14512,False
manual-cyclone-idai-2019-rosea-20190323-zimbabwe-floods-flash-update-5-final-pdf,cyclone-idai-2019,OCHA,2019-03-23,early,ok,23,deepseek-v4-pro,False,False,5542,False
manual-cyclone-idai-2019-rosea-20190324-mozambique-floods-flash-update-8-final-pdf,cyclone-idai-2019,OCHA,2019-03-24,early,ok,20,deepseek-v4-pro,False,False,9789,False
manual-cyclone-idai-2019-rosea-20190325-mozambique-floods-flash-update-9-final-pdf,cyclone-idai-2019,OCHA,2019-03-25,early,ok,30,deepseek-v4-pro,False,False,10539,False
manual-cyclone-idai-2019-rosea-20190326-mozambique-floods-flash-update-10-final-pdf,cyclone-idai-2019,OCHA,2019-03-26,early,ok,22,deepseek-v4-pro,False,False,6971,False
manual-cyclone-idai-2019-rosea-20190327-mozambique-floods-flash-update-11-final-pdf,cyclone-idai-2019,OCHA,2019-03-27,early,ok,28,deepseek-v4-pro,False,False,12228,False
manual-cyclone-idai-2019-zimbabwe-20190327-sitrep-1-pdf,cyclone-idai-2019,OCHA,2019-03-27,early,ok,26,deepseek-v4-pro,False,True,25140,False
manual-cyclone-idai-2019-rosea-20190328-mozambique-floods-flash-update-12-final-pdf,cyclone-idai-2019,OCHA,2019-03-28,early,ok,22,deepseek-v4-pro,False,False,11002,False
manual-cyclone-idai-2019-rosea-20190329-mozambique-floods-flash-update-13-final-pdf,cyclone-idai-2019,OCHA,2019-03-29,early,ok,24,deepseek-v4-pro,False,False,8868,False
manual-cyclone-idai-2019-logistics-sector-zimbabwe-situation-update-190330-pdf,cyclone-idai-2019,WFP,2019-03-30,early,ok,22,deepseek-v4-pro,False,False,4222,False
manual-cyclone-idai-2019-rosea-20190330-mozambique-floods-flash-update-14-final-pdf,cyclone-idai-2019,OCHA,2019-03-30,early,ok,28,deepseek-v4-pro,False,False,9363,False
manual-cyclone-idai-2019-rosea-20190401-mozambique-floods-flash-update-15-final-pdf,cyclone-idai-2019,OCHA,2019-04-01,early,ok,27,deepseek-v4-pro,False,False,7518,False
manual-cyclone-idai-2019-mozambique-cylone-idai-floods-situation-report-no-1-02-april-2,cyclone-idai-2019,OCHA,2019-04-02,early,ok,25,deepseek-v4-pro,False,False,28013,False
manual-cyclone-idai-2019-mozambique-cyclone-idai-floods-situation-report-no-2-03-april,cyclone-idai-2019,OCHA,2019-04-03,early,ok,20,deepseek-v4-pro,False,False,29830,False
manual-cyclone-idai-2019-mdrzw014dfr-pdf,cyclone-idai-2019,IFRC,2019-04-04,early,ok,20,deepseek-v4-pro,False,True,39767,True
manual-cyclone-idai-2019-mozambique-cyclone-idai-floods-situation-report-no-3-04-april,cyclone-idai-2019,OCHA,2019-04-04,early,ok,22,deepseek-v4-pro,False,False,30457,True
manual-cyclone-idai-2019-mozambique-cylone-idai-floods-situation-report-no4-06april2019,cyclone-idai-2019,OCHA,2019-04-06,early,ok,29,deepseek-v4-pro,False,False,34301,True
manual-cyclone-idai-2019-rosea-20190407-mozambique-sitrep-5-6-april-pdf,cyclone-idai-2019,OCHA,2019-04-07,early,ok,20,deepseek-v4-pro,False,False,30388,True
manual-cyclone-idai-2019-iom-mozambique-cyclone-idai-response-sitrep-3-04-08-april-2019,cyclone-idai-2019,IOM,2019-04-08,early,ok,26,deepseek-v4-pro,False,False,10421,False
manual-cyclone-idai-2019-rosea-20190408-mozambique-sitrep-6-7april-pdf,cyclone-idai-2019,OCHA,2019-04-08,early,ok,29,deepseek-v4-pro,False,False,28535,False
manual-cyclone-idai-2019-rosea-20190409-mozambique-sitrep-7-8-april-final-for-upload-pd,cyclone-idai-2019,OCHA,2019-04-09,early,ok,20,deepseek-v4-pro,False,False,29332,False
manual-cyclone-idai-2019-rosea-20190410-mozambique-sitrep-8-9-april-pdf,cyclone-idai-2019,OCHA,2019-04-10,early,ok,30,deepseek-v4-pro,False,False,25064,False
manual-cyclone-idai-2019-zimbabwe-sitrep-2-10-april-2019-pdf,cyclone-idai-2019,OCHA,2019-04-10,early,ok,20,deepseek-v4-pro,False,False,29594,False
manual-cyclone-idai-2019-rosea-20190411-mozambique-sitrep-pdf,cyclone-idai-2019,OCHA,2019-04-11,early,ok,33,deepseek-v4-pro,False,False,25249,False
manual-cyclone-idai-2019-unicef-mozambique-humanitarian-situation-report-5-cyclone-idai,cyclone-idai-2019,UNICEF,2019-04-11,early,ok,30,deepseek-v4-pro,False,False,26765,False
manual-cyclone-idai-2019-rosea-20190413-mozambique-sitrep-11-12-april-for-upload-pdf,cyclone-idai-2019,OCHA,2019-04-13,early,ok,22,deepseek-v4-pro,False,False,26084,False
manual-cyclone-idai-2019-rosea-20190414-mozambique-sitrep-12-13-april-pdf,cyclone-idai-2019,OCHA,2019-04-14,early,ok,25,deepseek-v4-pro,False,False,23122,False
manual-cyclone-idai-2019-rosea-20190416-mozambique-sitrep-14-15-april-for-upload-pdf,cyclone-idai-2019,OCHA,2019-04-16,early,ok,20,deepseek-v4-pro,False,False,23535,False
manual-cyclone-idai-2019-rosea-20190418-mozambique-sitrep-16-as-of-18-april-2019-final,cyclone-idai-2019,OCHA,2019-04-18,early,ok,21,deepseek-v4-pro,False,False,29679,False
manual-cyclone-idai-2019-unicef-mozambique-humanitarian-situation-report-no-6-as-of-19,cyclone-idai-2019,UNICEF,2019-04-19,early,ok,25,deepseek-v4-pro,False,False,32425,True
manual-cyclone-idai-2019-whositrep3mozambique19april2019-pdf,cyclone-idai-2019,WHO,2019-04-19,early,ok,20,deepseek-v4-pro,False,False,15762,False
manual-cyclone-idai-2019-rosea-20190420-mozambique-sitrep17-as-of-20april2019-for-uploa,cyclone-idai-2019,OCHA,2019-04-20,early,ok,19,deepseek-v4-pro,False,False,23959,False
manual-cyclone-idai-2019-rosea-20190422-mozambique-sitrep-18-as-of-22-april-2019-pdf,cyclone-idai-2019,OCHA,2019-04-22,mid,ok,20,deepseek-v4-pro,False,False,29598,False
manual-cyclone-idai-2019-zimbabwe-sitrep4-24april2019-pdf,cyclone-idai-2019,OCHA,2019-04-24,mid,ok,29,deepseek-v4-pro,False,False,34658,True
manual-cyclone-idai-2019-rosea-20190429-mozambique-sitrep-19-as-of-29-april-2019-for-up,cyclone-idai-2019,OCHA,2019-04-29,mid,ok,27,deepseek-v4-pro,False,False,37273,True
manual-cyclone-idai-2019-unicef-mozambique-humanitarian-situation-report-no-7-cyclone-i,cyclone-idai-2019,UNICEF,2019-05-01,mid,ok,27,deepseek-v4-pro,False,False,28570,False
manual-cyclone-idai-2019-rosea-20190506-mozambique-sitrep-20-as-of-6-may-2019-for-uploa,cyclone-idai-2019,OCHA,2019-05-06,mid,ok,63,deepseek-v4-pro,False,False,38470,True
manual-cyclone-idai-2019-who-sitrep-6-mozambique-10-may-2019-pdf,cyclone-idai-2019,WHO,2019-05-10,mid,ok,20,deepseek-v4-pro,False,False,26150,False
manual-cyclone-idai-2019-rosea-20190513-mozambique-sitrep-21-as-of-13-may-2019-for-uplo,cyclone-idai-2019,OCHA,2019-05-13,mid,ok,20,deepseek-v4-pro,False,False,32035,True
manual-cyclone-idai-2019-rosea-20190520-mozambique-sitrep-22-as-of-20-may-for-upload-pd,cyclone-idai-2019,OCHA,2019-05-20,mid,ok,32,deepseek-v4-pro,False,False,29674,False
manual-cyclone-idai-2019-mdrmz014ou2-pdf,cyclone-idai-2019,IFRC,2019-06-24,late,ok,20,deepseek-v4-pro,False,False,103272,True
manual-cyclone-idai-2019-sa-cyclone-and-flooding-snapshot-10072019-pdf,cyclone-idai-2019,OCHA,2019-07-10,late,ok,21,deepseek-v4-pro,False,False,4410,False
manual-cyclone-idai-2019-etc-mozambique-sitrep-10-1-pdf,cyclone-idai-2019,WFP,undated,unknown,ok,26,deepseek-v4-pro,False,False,8067,False
