event,n_tweets,n_days,first_day,last_day,median_tweets_per_day,max_tweets_per_day,n_undated,source
california_wildfires_2018,7376,27,2018-11-10,2018-12-07,143,1244,0,QCRI/HumAID-events
canada_wildfires_2016,2242,22,2016-05-06,2016-05-27,66,396,0,QCRI/HumAID-events
cyclone_idai_2019,3933,29,2019-03-15,2019-04-16,101,367,0,QCRI/HumAID-events
ecuador_earthquake_2016,1563,2,2016-04-17,2016-04-18,818,818,0,QCRI/HumAID-events
greece_wildfires_2018,1515,26,2018-07-24,2018-08-18,12,515,0,QCRI/HumAID-events
hurricane_dorian_2019,7613,4,2019-08-30,2019-09-02,2028,3282,0,QCRI/HumAID-events
hurricane_florence_2018,6264,8,2018-09-11,2018-09-18,676,1321,0,QCRI/HumAID-events
hurricane_harvey_2017,9112,8,2017-08-25,2017-09-01,1114,2510,0,QCRI/HumAID-events
hurricane_irma_2017,9399,12,2017-09-06,2017-09-17,770,1452,0,QCRI/HumAID-events
hurricane_maria_2017,7278,12,2017-09-20,2017-10-02,556,1206,0,QCRI/HumAID-events
hurricane_matthew_2016,1654,4,2016-10-04,2016-10-08,351,864,0,QCRI/HumAID-events
italy_earthquake_aug_2016,1201,6,2016-08-24,2016-08-29,168,551,0,QCRI/HumAID-events
kaikoura_earthquake_2016,2195,10,2016-09-01,2016-11-22,86,1061,0,QCRI/HumAID-events
kerala_floods_2018,7984,27,2018-08-17,2018-09-12,176,1319,0,QCRI/HumAID-events
maryland_floods_2018,742,11,2018-05-28,2018-06-07,27,266,0,QCRI/HumAID-events
midwestern_us_floods_2019,1880,10,2019-03-25,2019-04-03,168,353,0,QCRI/HumAID-events
pakistan_earthquake_2019,1958,3,2019-09-24,2019-09-26,376,1510,0,QCRI/HumAID-events
puebla_mexico_earthquake_2017,2015,15,2017-09-20,2017-10-06,54,604,0,QCRI/HumAID-events
srilanka_floods_2017,560,31,2017-05-31,2017-07-03,7,117,0,QCRI/HumAID-events
