slot_id,is_ceiling,human_coverage,machine_coverage_max,machine_best_arm,machine_coverage_by_arm,gap,reason
currency_and_metadata,False,0.9912280701754386,0.68,api-fast/schema_guided,api-fast/generic=0.5200;api-fast/schema_guided=0.6800;api-strong/generic=0.5192;api-strong/schema_guided=0.5577,0.3112280701754385,machine coverage 0.680 > machine_max 0.600 (arm api-fast/schema_guided)
displacement,False,0.8859649122807017,0.7307692307692307,api-strong/schema_guided,api-fast/generic=0.5400;api-fast/schema_guided=0.7000;api-strong/generic=0.5385;api-strong/schema_guided=0.7308,0.155195681511471,machine coverage 0.731 > machine_max 0.600 (arm api-strong/schema_guided)
health,False,0.7631578947368421,0.64,api-fast/schema_guided,api-fast/generic=0.6000;api-fast/schema_guided=0.6400;api-strong/generic=0.5962;api-strong/schema_guided=0.6346,0.12315789473684213,machine coverage 0.640 > machine_max 0.600 (arm api-fast/schema_guided)
education,False,0.7017543859649122,0.58,api-fast/schema_guided,api-fast/generic=0.4600;api-fast/schema_guided=0.5800;api-strong/generic=0.5192;api-strong/schema_guided=0.5577,0.12175438596491228,human coverage 0.702 < human_min 0.800 (thin in humans too)
damage,False,0.9210526315789473,0.9,api-fast/schema_guided,api-fast/generic=0.8200;api-fast/schema_guided=0.9000;api-strong/generic=0.8077;api-strong/schema_guided=0.8846,0.021052631578947323,machine coverage 0.900 > machine_max 0.600 (arm api-fast/schema_guided)
response_actions,False,0.9649122807017544,1.0,api-strong/schema_guided,api-fast/generic=1.0000;api-fast/schema_guided=0.9800;api-strong/generic=1.0000;api-strong/schema_guided=1.0000,-0.03508771929824561,machine coverage 1.000 > machine_max 0.600 (arm api-strong/schema_guided)
coordination,False,0.8771929824561403,0.9230769230769231,api-strong/schema_guided,api-fast/generic=0.6000;api-fast/schema_guided=0.9200;api-strong/generic=0.5962;api-strong/schema_guided=0.9231,-0.045883940620782826,machine coverage 0.923 > machine_max 0.600 (arm api-strong/schema_guided)
sourcing,False,0.9385964912280702,1.0,api-strong/schema_guided,api-fast/generic=0.9000;api-fast/schema_guided=1.0000;api-strong/generic=0.9615;api-strong/schema_guided=1.0000,-0.06140350877192979,machine coverage 1.000 > machine_max 0.600 (arm api-strong/schema_guided)
casualties,False,0.8859649122807017,0.9615384615384616,api-strong/schema_guided,api-fast/generic=0.9400;api-fast/schema_guided=0.9400;api-strong/generic=0.9038;api-strong/schema_guided=0.9615,-0.07557354925775983,machine coverage 0.962 > machine_max 0.600 (arm api-strong/schema_guided)
needs_gaps,False,0.8070175438596491,0.8846153846153846,api-strong/schema_guided,api-fast/generic=0.6000;api-fast/schema_guided=0.7400;api-strong/generic=0.6346;api-strong/schema_guided=0.8846,-0.0775978407557355,machine coverage 0.885 > machine_max 0.600 (arm api-strong/schema_guided)
wash,False,0.6403508771929824,0.7692307692307693,api-strong/schema_guided,api-fast/generic=0.6400;api-fast/schema_guided=0.7200;api-strong/generic=0.6731;api-strong/schema_guided=0.7692,-0.12887989203778683,machine coverage 0.769 > machine_max 0.600 (arm api-strong/schema_guided)
access,False,0.7982456140350878,0.94,api-fast/schema_guided,api-fast/generic=0.8200;api-fast/schema_guided=0.9400;api-strong/generic=0.9231;api-strong/schema_guided=0.9231,-0.1417543859649122,machine coverage 0.940 > machine_max 0.600 (arm api-fast/schema_guided)
shelter,False,0.5877192982456141,0.75,api-strong/schema_guided,api-fast/generic=0.6600;api-fast/schema_guided=0.7400;api-strong/generic=0.7308;api-strong/schema_guided=0.7500,-0.16228070175438591,machine coverage 0.750 > machine_max 0.600 (arm api-strong/schema_guided)
food,False,0.7192982456140351,0.8846153846153846,api-strong/schema_guided,api-fast/generic=0.8000;api-fast/schema_guided=0.8600;api-strong/generic=0.8462;api-strong/schema_guided=0.8846,-0.16531713900134948,machine coverage 0.885 > machine_max 0.600 (arm api-strong/schema_guided)
funding,False,0.7719298245614035,0.9423076923076923,api-strong/schema_guided,api-fast/generic=0.9200;api-fast/schema_guided=0.9200;api-strong/generic=0.9231;api-strong/schema_guided=0.9423,-0.17037786774628882,machine coverage 0.942 > machine_max 0.600 (arm api-strong/schema_guided)
