day,model,arm,n_machine_figures,machine_figs_in_stream,machine_figs_in_human,human_figs_in_stream
2017-09-06,api-fast,generic,25,0.88,0.04,0.1026
2017-09-06,api-fast,schema_guided,28,0.8929,0.0357,0.1026
2017-09-06,api-strong,generic,28,0.8929,0.1071,0.1026
2017-09-06,api-strong,schema_guided,31,0.871,0.0968,0.1026
2017-09-07,api-fast,generic,17,0.8824,0.1176,0.1633
2017-09-07,api-fast,schema_guided,19,0.9474,0.2105,0.1633
2017-09-07,api-strong,generic,23,0.913,0.1739,0.1633
2017-09-07,api-strong,schema_guided,18,1.0,0.1667,0.1633
2017-09-08,api-fast,generic,30,0.8,0.3,0.0927
2017-09-08,api-fast,schema_guided,35,0.7714,0.2857,0.0927
2017-09-08,api-strong,generic,35,0.8286,0.3143,0.0927
2017-09-08,api-strong,schema_guided,31,0.7419,0.2258,0.0927
2017-09-10,api-fast,generic,26,0.9231,0.1538,0.0725
2017-09-10,api-fast,schema_guided,30,0.8333,0.1667,0.0725
2017-09-10,api-strong,generic,22,0.9545,0.1818,0.0725
2017-09-10,api-strong,schema_guided,29,0.8966,0.1724,0.0725
2017-09-13,api-fast,generic,21,1.0,0.2857,0.2024
2017-09-13,api-fast,schema_guided,26,1.0,0.2692,0.2024
2017-09-13,api-strong,generic,28,1.0,0.25,0.2024
2017-09-13,api-strong,schema_guided,16,0.9375,0.25,0.2024
2017-09-15,api-fast,generic,26,0.9615,0.3846,0.3692
2017-09-15,api-fast,schema_guided,27,1.0,0.4074,0.3692
2017-09-15,api-strong,generic,23,0.913,0.3478,0.3692
2017-09-15,api-strong,schema_guided,28,0.9286,0.3929,0.3692
2017-09-16,api-fast,generic,14,0.9286,0.0,0.0
2017-09-16,api-fast,schema_guided,38,0.9211,0.0,0.0
2017-09-16,api-strong,generic,24,0.75,0.0,0.0
2017-09-16,api-strong,schema_guided,38,0.8684,0.0,0.0
