event,day,model,arm,n_machine_figures,n_human_figures,n_overlap,precision,recall,casualty_recall,jaccard
hurricane-irma-2017,2017-09-06,api-fast,generic,27,96,1,0.04,0.0128,,0.0098
hurricane-irma-2017,2017-09-06,api-fast,schema_guided,38,96,1,0.0357,0.0128,,0.0095
hurricane-irma-2017,2017-09-06,api-strong,generic,32,96,3,0.1071,0.0385,,0.0291
hurricane-irma-2017,2017-09-06,api-strong,schema_guided,38,96,3,0.0968,0.0385,,0.0283
hurricane-irma-2017,2017-09-07,api-fast,generic,23,70,1,0.0588,0.0204,0.25,0.0154
hurricane-irma-2017,2017-09-07,api-fast,schema_guided,29,70,3,0.1579,0.0612,0.5,0.0462
hurricane-irma-2017,2017-09-07,api-strong,generic,29,70,3,0.1304,0.0612,0.75,0.0435
hurricane-irma-2017,2017-09-07,api-strong,schema_guided,28,70,3,0.1667,0.0612,0.5,0.0469
hurricane-irma-2017,2017-09-08,api-fast,generic,35,274,8,0.2667,0.0523,0.5,0.0457
hurricane-irma-2017,2017-09-08,api-fast,schema_guided,47,274,9,0.2571,0.0588,0.6667,0.0503
hurricane-irma-2017,2017-09-08,api-strong,generic,44,274,9,0.2571,0.0588,0.6667,0.0503
hurricane-irma-2017,2017-09-08,api-strong,schema_guided,50,274,6,0.1935,0.0392,0.3333,0.0337
hurricane-irma-2017,2017-09-10,api-fast,generic,29,105,4,0.1481,0.0571,,0.043
hurricane-irma-2017,2017-09-10,api-fast,schema_guided,50,105,4,0.129,0.0571,,0.0412
hurricane-irma-2017,2017-09-10,api-strong,generic,23,105,4,0.1739,0.0571,,0.0449
hurricane-irma-2017,2017-09-10,api-strong,schema_guided,41,105,5,0.1667,0.0714,,0.0526
hurricane-irma-2017,2017-09-13,api-fast,generic,26,119,5,0.2381,0.0595,,0.05
hurricane-irma-2017,2017-09-13,api-fast,schema_guided,33,119,7,0.2593,0.0833,,0.0673
hurricane-irma-2017,2017-09-13,api-strong,generic,35,119,5,0.1786,0.0595,,0.0467
hurricane-irma-2017,2017-09-13,api-strong,schema_guided,18,119,4,0.25,0.0476,,0.0417
hurricane-irma-2017,2017-09-15,api-fast,generic,29,84,8,0.3077,0.1231,,0.0964
hurricane-irma-2017,2017-09-15,api-fast,schema_guided,38,84,9,0.3333,0.1385,,0.1084
hurricane-irma-2017,2017-09-15,api-strong,generic,29,84,7,0.3043,0.1077,,0.0864
hurricane-irma-2017,2017-09-15,api-strong,schema_guided,38,84,9,0.3103,0.1385,,0.1059
hurricane-irma-2017,2017-09-16,api-fast,generic,15,7,0,0.0,0.0,,0.0
hurricane-irma-2017,2017-09-16,api-fast,schema_guided,50,7,0,0.0,0.0,,0.0
hurricane-irma-2017,2017-09-16,api-strong,generic,27,7,0,0.0,0.0,,0.0
hurricane-irma-2017,2017-09-16,api-strong,schema_guided,57,7,0,0.0,0.0,,0.0
