document_id,event,day,paper_model,public_model_id,arm,n_posts,generated_at,request_hash,text_sha256,text_characters,evaluated
2019-03-15__api-fast__generic,cyclone-idai-2019,2019-03-15,api-fast,deepseek-v4-flash,generic,38,2026-08-30T20:45:39+00:00,5f8ca7ca8ddcd7ed86473948393126cbff0a6fdbf23b8de359ab6f2d47623e61,08a41ff786bf9a67f74b3b406400230a2c4960fdf0ea69d36f68c8d14d1af65e,4393,1
2019-03-15__api-fast__schema_guided,cyclone-idai-2019,2019-03-15,api-fast,deepseek-v4-flash,schema_guided,38,2026-08-30T20:45:39+00:00,ca0c6e7f5064a47f11955301abb6a4db7832ffbb232e8eae1efe1cf35839268e,686b8e6753158f26eece796d30b76c0d740736005af9706405c21f58807be388,5722,1
2019-03-15__api-strong__generic,cyclone-idai-2019,2019-03-15,api-strong,deepseek-v4-pro,generic,38,2026-08-30T20:45:39+00:00,9072628dddb9819d41ea2c11b564ab262c6c5c760fa93b99549a6adfa0219241,80f307c7852dae037ffb810604fc772781ae7ef3f49df0a03fdd96866f41695a,3409,1
2019-03-15__api-strong__schema_guided,cyclone-idai-2019,2019-03-15,api-strong,deepseek-v4-pro,schema_guided,38,2026-08-30T20:45:39+00:00,0666b64d2103d65a4e41bdcd1b37086e173fe99a5e14626016899af9fbb5e35a,5c6c3d78c8cb7baba3559dfce1a05925da3ef013bb9ddaf6fca013273c48a6da,5421,1
2019-03-16__api-fast__generic,cyclone-idai-2019,2019-03-16,api-fast,deepseek-v4-flash,generic,284,2026-08-30T20:45:39+00:00,78885065ab3677441262ecb3b60e249f12c56347136e92a1e0029c04c833131a,900519179b56c5f1170efeeb9a1b39858435632e888b28d5dbb6a1c20f4079d0,10916,1
2019-03-16__api-fast__schema_guided,cyclone-idai-2019,2019-03-16,api-fast,deepseek-v4-flash,schema_guided,284,2026-08-30T20:45:39+00:00,7a7b2a7144bc677e9208b9c7b69b6a20db297392bd6b104438d04d55671cfee2,8c502946913818a647ce354087b0153212f37b994c30811e6b3f81409efed6b5,13367,1
2019-03-16__api-strong__generic,cyclone-idai-2019,2019-03-16,api-strong,deepseek-v4-pro,generic,284,2026-08-30T20:45:39+00:00,590baa892404f42dcaf38754985de03163f5f28f7bb8066355e93dbe1d6752e7,283b1048211d351c2e2bef2daf9cde345c2fa05e938ccf7827176522f8bee474,11780,1
2019-03-16__api-strong__schema_guided,cyclone-idai-2019,2019-03-16,api-strong,deepseek-v4-pro,schema_guided,284,2026-08-30T20:45:39+00:00,77ef22d458b28cc1eb56d66d6c43f1cef5df73bc2fc315f9327a942eb353f1c8,28c8424f6059bda65ee0d8a8ca9328e67c0bbabc3b6dc9b7670e9eb193169f1d,13533,1
2019-03-17__api-fast__generic,cyclone-idai-2019,2019-03-17,api-fast,deepseek-v4-flash,generic,277,2026-08-30T20:45:39+00:00,6ab749d51e605f5f3acd320dda270669d81e98dbbe5f1de37e27c90193d50822,e71c96d9d5a8fdb79dd0c31f2b1b8b801e869ccef329de1c4cdc20080d5994cf,10315,1
2019-03-17__api-fast__schema_guided,cyclone-idai-2019,2019-03-17,api-fast,deepseek-v4-flash,schema_guided,277,2026-08-30T20:45:39+00:00,f72c1bf87898e83df6f775b68c468245d2e15ab99358534ff3b39eed31206571,55cb2d8ab4ea5202d9097bfb11d4b4084a0fc81d8119675204edc553ab1d553f,17622,1
2019-03-17__api-strong__generic,cyclone-idai-2019,2019-03-17,api-strong,deepseek-v4-pro,generic,277,2026-08-30T20:45:39+00:00,5495d68321239052e273efb73ccfe4bf1994aca69170986cd83d80c1a01d1c13,3370bc77dba1531033e82d3591e05da87c437ca1710416d1f002aa63e1b537a1,8474,1
2019-03-17__api-strong__schema_guided,cyclone-idai-2019,2019-03-17,api-strong,deepseek-v4-pro,schema_guided,277,2026-08-30T20:45:39+00:00,d52389a9cebc468209112ab851fdd26e827a35c53d95c0a3bcb56a8f93baed88,72e69d79fdf68d86fedee3fdcc4e94dd47e413672a40c7b41a1cf11ba7f63b07,20153,1
2019-03-18__api-fast__generic,cyclone-idai-2019,2019-03-18,api-fast,deepseek-v4-flash,generic,300,2026-08-30T20:45:39+00:00,63ec4e9636a322415cf532db25a7f7bfc479b15c1750ab9cc4f33c93b5f322a6,1bd4824571cdb339c4c983269481450128b1d12092db34da5337900189e3a5c1,16622,1
2019-03-18__api-fast__schema_guided,cyclone-idai-2019,2019-03-18,api-fast,deepseek-v4-flash,schema_guided,300,2026-08-30T20:45:39+00:00,457023c35aab44a67de964d39f1ec78fc547de07abd3bedcc946976754036b67,e1b658d459b278924301d00bc224cfcb71d4edc68bdcfaf6512b0c25e5c9bf43,13432,1
2019-03-18__api-strong__generic,cyclone-idai-2019,2019-03-18,api-strong,deepseek-v4-pro,generic,300,2026-08-30T20:45:39+00:00,bfc0db156bdfdc5f06357a04b34bdf353acf42d10f963a46b1e5c1980f955dfc,b14f04248fa2a3a0f73614f25a668574fdae1b68d500ab283eeb9aadfeaffdbf,8501,1
2019-03-18__api-strong__schema_guided,cyclone-idai-2019,2019-03-18,api-strong,deepseek-v4-pro,schema_guided,300,2026-08-30T20:45:39+00:00,91f66561930d7bdd1565f1b96fa8b42d9f379d96dd2ac47aa35da86cc730af73,eb4b9e0583e94577ee23ea1e9fd9ec5f6598e4ae0fb69cfde630e30dda754be8,12535,1
2019-03-19__api-fast__generic,cyclone-idai-2019,2019-03-19,api-fast,deepseek-v4-flash,generic,367,2026-08-30T20:45:39+00:00,0cbe236e717c7e6e57bcff076c90a3cbc72798d4927d2c9a72271cea2c1315b1,ea2317812706c55052d0da9f899a956d1e4ed6927b41a115b68c9d454d55dc03,9595,1
2019-03-19__api-fast__schema_guided,cyclone-idai-2019,2019-03-19,api-fast,deepseek-v4-flash,schema_guided,367,2026-08-30T20:45:39+00:00,d202ad22a0f814a12d7721b2e981552038ff195194544e1e1236b9b54ac4f647,883cf4b478a7c3086a13ce10812752b1383921a566c1056d5aaeefd8dde50272,17707,1
2019-03-19__api-strong__generic,cyclone-idai-2019,2019-03-19,api-strong,deepseek-v4-pro,generic,367,2026-08-30T20:45:39+00:00,b8953f67720a3f1dc85be414b2e5719f888ebf4d4ab257c43abb9fee027d3fb0,8932d275b9aa188c0454d182609e3afd58fcd8558dacd312ee19da9a59893f5e,6714,1
2019-03-19__api-strong__schema_guided,cyclone-idai-2019,2019-03-19,api-strong,deepseek-v4-pro,schema_guided,367,2026-08-30T20:45:39+00:00,116e194ff9c5cc5261fe54104ffca0699df99dc83278bcf447c344327e800de2,149fb4744095a7b060b4f4e232d790a00f8121ce6544447f4defa0898a01fb8c,22233,1
2019-03-20__api-fast__generic,cyclone-idai-2019,2019-03-20,api-fast,deepseek-v4-flash,generic,360,2026-08-30T20:45:39+00:00,49d74b3852a31768b381c991d3f75711a882dc5ec20500b9cf89034d21442ec6,6987c81a677f382964a457ce61edb14e2d0fba4e2b49cab9202e3f54a0af3c26,6111,1
2019-03-20__api-fast__schema_guided,cyclone-idai-2019,2019-03-20,api-fast,deepseek-v4-flash,schema_guided,360,2026-08-30T20:45:39+00:00,d96621138fd1f58d0222268fe8ad177d5e2cfe41efff0d457c715031b91e4234,675a3efeeec14149234fb01f71e9ed90135be08a6b193049a4b077cc0e967423,25940,1
2019-03-20__api-strong__generic,cyclone-idai-2019,2019-03-20,api-strong,deepseek-v4-pro,generic,360,2026-08-30T20:45:39+00:00,08aa03dfef0ade04181cfa487460fd8b5731c98cf57ebc1128575d747fc91769,4a61a5d54c739de409002be392a32e608892f40ff259e26df95bd10deeec8117,9720,1
2019-03-20__api-strong__schema_guided,cyclone-idai-2019,2019-03-20,api-strong,deepseek-v4-pro,schema_guided,360,2026-08-30T20:45:39+00:00,9d78e9ddb800c68bb35049bd455f3cd67fe9968413cba9198affc87adaab1a84,8787687a49fa2be8a964f409749449bfdaec9e182a88b1656693a90eac731712,22215,1
2019-03-21__api-fast__generic,cyclone-idai-2019,2019-03-21,api-fast,deepseek-v4-flash,generic,254,2026-08-30T20:45:39+00:00,0c85bdaf9dad8c52dc7e50995ef041d3927f713bca1cdfaa5fc625509ac81247,05444733264b87ee5e810a831b6bde2e6b0f002f379d9a801ba78bebf2b72680,9022,1
2019-03-21__api-fast__schema_guided,cyclone-idai-2019,2019-03-21,api-fast,deepseek-v4-flash,schema_guided,254,2026-08-30T20:45:39+00:00,2a9cc0dcce93042c7e1cf152e4396dbfe32370237064c191f16a07f9a72762b7,ae8a959ac6142ee132b55e6a56da7c2ba73decd754a0abc4d29fa9f970823770,20391,1
2019-03-21__api-strong__generic,cyclone-idai-2019,2019-03-21,api-strong,deepseek-v4-pro,generic,254,2026-08-30T20:45:39+00:00,0c27c1381daf2c7b5f7ed7f26132e6e862207e9913765ca0f4846a17fe77dd30,66a920500b16f9bcf67ad59d8e6743646370cea34c330dafa7868cd2f7ee75bc,10007,1
2019-03-21__api-strong__schema_guided,cyclone-idai-2019,2019-03-21,api-strong,deepseek-v4-pro,schema_guided,254,2026-08-30T20:45:39+00:00,da0206fbe6cfd774708e071fd28d28e3afd5a88e2f19f8b557901e61528e2981,7e3598fc74604a61aac43813875066746dc4f103ca791d7c397c7f6ca47f1b93,16776,1
2019-03-22__api-fast__generic,cyclone-idai-2019,2019-03-22,api-fast,deepseek-v4-flash,generic,225,2026-08-30T20:45:39+00:00,98898e659036be9a1d79cf425aeb0e4650e876e395c96e6df54a4be16da1e827,39034feebe80838fcf9194f3d8b334c8373cf5ae321ced9000eb696bafeac330,9384,1
2019-03-22__api-fast__schema_guided,cyclone-idai-2019,2019-03-22,api-fast,deepseek-v4-flash,schema_guided,225,2026-08-30T20:45:39+00:00,bcfe004cc856ed1cf3d6f360a93f275668f528d613ddceab070c0b4ea34ce8a6,ccd668e684c6e98b87de7be7efa73e5dd373a479b3b0646f38bd64e5f5058b20,23567,1
2019-03-22__api-strong__generic,cyclone-idai-2019,2019-03-22,api-strong,deepseek-v4-pro,generic,225,2026-08-30T20:45:39+00:00,34fc7f98e6bf2b56e87073e0a30ca5c016e89ae5e40e993cb74aba0567847af8,019f422826bc4fb9435dc9c51f1a805dd4b04cd66c4baadbb088d76908958a88,10245,1
2019-03-22__api-strong__schema_guided,cyclone-idai-2019,2019-03-22,api-strong,deepseek-v4-pro,schema_guided,225,2026-08-30T20:45:39+00:00,5097f140fba86938815d6bbfc7804d7b056ceb066f1a62bb68603b33562b8585,e6ee487dad62c0e6faf99abdc28068341a963ac5833f8886cb7d7d5e3c9db7d7,17537,1
2019-03-23__api-fast__generic,cyclone-idai-2019,2019-03-23,api-fast,deepseek-v4-flash,generic,161,2026-08-30T20:45:39+00:00,c8aca5fe6b0ccb88e01c18109a201fcf79b73b2c686943682892467cf1860792,2109d3ae9a89b9420fdf671509e62792853da9834b91ee900effab136f616093,12702,1
2019-03-23__api-fast__schema_guided,cyclone-idai-2019,2019-03-23,api-fast,deepseek-v4-flash,schema_guided,161,2026-08-30T20:45:39+00:00,045be5025b515eb8e16f11ea5d238fac61bcd8105e6901e14e92d2c37f977e50,7dc887b9b5b79f6bdd45561cbc51c667c3775ad396c298b2cbd6d75e0f3058f0,16866,1
2019-03-23__api-strong__generic,cyclone-idai-2019,2019-03-23,api-strong,deepseek-v4-pro,generic,161,2026-08-30T20:45:39+00:00,77c9eedc8c5281adb04fbbdf0a90ad822274998bdc6de705ee231f2b3e6043c4,aa3866601026569b27d4236eb6aef7f26c254f2bcd84cecade75a83a70b7f2ff,8970,1
2019-03-23__api-strong__schema_guided,cyclone-idai-2019,2019-03-23,api-strong,deepseek-v4-pro,schema_guided,161,2026-08-30T20:45:39+00:00,fe51e51a15391345dbbc63a15b73b79c015dbacc62db4595de280917cec6468f,179f2c03428e3f52d0225b1a865a72aa7e40fcdd6a1a0290340df44708e3a0cc,16172,1
2019-03-24__api-fast__generic,cyclone-idai-2019,2019-03-24,api-fast,deepseek-v4-flash,generic,134,2026-08-30T20:45:39+00:00,8c05ff98d32247623a8321ba4bd5483825de0372f0dca1b8e9116481a9b6bbd0,e250e1a3c78125160b6a18ee8bf905c00c920cd4e1ad78ca51a868027e549e9e,9223,1
2019-03-24__api-fast__schema_guided,cyclone-idai-2019,2019-03-24,api-fast,deepseek-v4-flash,schema_guided,134,2026-08-30T20:45:39+00:00,a1c94a110655a85fcb9e9809ebed57cfb0ae1b3905f8d2c12fe8d8efbe7590b3,504452820b703446c95d5ebb8aac0ebe323874293fabffd548591dda446e4081,15072,1
2019-03-24__api-strong__generic,cyclone-idai-2019,2019-03-24,api-strong,deepseek-v4-pro,generic,134,2026-08-30T20:45:39+00:00,b5c3f222865e8b49f7f64e050441eafdf420b006b2f7caac0dd11b78a6d9a2e7,1093a1490332eac64d0fc2dcf01b170df7d0fd8345c0101c5cc14d8b971c931a,10868,1
2019-03-24__api-strong__schema_guided,cyclone-idai-2019,2019-03-24,api-strong,deepseek-v4-pro,schema_guided,134,2026-08-30T20:45:39+00:00,9cb9f635f5ca7c1f4ca5eab7e7347306fe43c6b02a8bc032655db0692b05f679,6f05e4f56aef5a9b30a1132f7b3860b9b0e9fa8b2d8b1feb3d3d163a86040aa7,14033,1
2019-03-25__api-fast__generic,cyclone-idai-2019,2019-03-25,api-fast,deepseek-v4-flash,generic,167,2026-08-30T20:45:39+00:00,863d212e6ae404bb807a5bc6aa826113b9517d267131e00371a5e10b3a1f65f3,d1bcd1c14f519c2a65a37ecd9425e3b88723546d64142b6777d229aca74f55ff,7982,1
2019-03-25__api-fast__schema_guided,cyclone-idai-2019,2019-03-25,api-fast,deepseek-v4-flash,schema_guided,167,2026-08-30T20:45:39+00:00,fd21cb4cb237dae14614b95e88c63a2307c797769c65ff54104132f8843108e5,fe15f1c49610c2dbc6702b6c3a2e87dbd57073c0585a44beb0af0fdb8071c931,17804,1
2019-03-25__api-strong__generic,cyclone-idai-2019,2019-03-25,api-strong,deepseek-v4-pro,generic,167,2026-08-30T20:45:39+00:00,f980653fe525a65a6baa72c0ff627170e086d44baca2797bed02e33e8b191f5f,2a9ef05f1c0b361f9d5e58495ef0a45510be7ae63edbcf7adcc9807d7e98bef4,8852,1
2019-03-25__api-strong__schema_guided,cyclone-idai-2019,2019-03-25,api-strong,deepseek-v4-pro,schema_guided,167,2026-08-30T20:45:39+00:00,d3e5ebd27732d8c1ba74b9eab383f5428ca122934f81cd80408f6517657a0bc8,ffea2a16ac9659eef6158b81fa55de630609e2f9bb080edad7d22403487cdce0,15377,1
2019-03-26__api-fast__generic,cyclone-idai-2019,2019-03-26,api-fast,deepseek-v4-flash,generic,191,2026-08-30T20:45:39+00:00,892a63097188501967d9606439dec0fc94aa1796f86f49c8a5fa6d182e25054f,0abe259590f6b59164c1c2a0b9b590363cf90964911657516e1887c805bcc684,12291,1
2019-03-26__api-fast__schema_guided,cyclone-idai-2019,2019-03-26,api-fast,deepseek-v4-flash,schema_guided,191,2026-08-30T20:45:39+00:00,7dd8d72df46f874a432d29148abe2fa792484cf0bbdfa68201b933bc06282d35,e3b0c44298fc1c149afbf4c8996fb92427ae41e4649b934ca495991b7852b855,0,0
2019-03-26__api-strong__generic,cyclone-idai-2019,2019-03-26,api-strong,deepseek-v4-pro,generic,191,2026-08-30T20:45:39+00:00,d3b96f3285be6f7e67226dbd651b98203f0ca00e9bcd0119122d100dca343d3a,f5e3aa75a9806b03d7f00115d06d211d8239de86501ea6f30f39244d72a2d5a9,9028,1
2019-03-26__api-strong__schema_guided,cyclone-idai-2019,2019-03-26,api-strong,deepseek-v4-pro,schema_guided,191,2026-08-30T20:45:39+00:00,a248dfc5ab6f678400d7a1bfb9cd72948ef107ace461492624290a938de17575,1e1b8055534740b1229c3e282cafb7830c27d734c05cb844d6bc0d622f96881e,20900,1
2019-03-27__api-fast__generic,cyclone-idai-2019,2019-03-27,api-fast,deepseek-v4-flash,generic,214,2026-08-30T20:45:39+00:00,5bcdf7b5fd976ffc2244c3f05409eaec3863a3524f342e0380bea01920808c7c,8c6d939fc1460a468299250fc69b30990e8ec9fdf73cae3b5ae10e2ab042a747,11324,1
2019-03-27__api-fast__schema_guided,cyclone-idai-2019,2019-03-27,api-fast,deepseek-v4-flash,schema_guided,214,2026-08-30T20:45:39+00:00,57727b529475fd95cea69e0bdbfb4d2a09293e0f8e3332d70d23c957b152bcc5,0e5164f7b17bd559f3f1f5ae3736c514228339de4c61f3f3e29c109d91af6c6c,24034,1
2019-03-27__api-strong__generic,cyclone-idai-2019,2019-03-27,api-strong,deepseek-v4-pro,generic,214,2026-08-30T20:45:39+00:00,a9faddbf7d888760c9111e3dccae5e87a1fba0494a70706c847f217a9c204811,426b4062164d7cce01dfb67fe190a7d3d92fb9817684bd92b8c2d2df7d1fe2af,13306,1
2019-03-27__api-strong__schema_guided,cyclone-idai-2019,2019-03-27,api-strong,deepseek-v4-pro,schema_guided,214,2026-08-30T20:45:39+00:00,dea092b89981bd834fe58c12a6d01d888fd503c756f2f171b505c6bb2fd8d33a,db88177d0e125f06d52bb54af6bea91bbd536ce3a2fbb632a5bf18948e37da97,18248,1
2019-03-28__api-fast__generic,cyclone-idai-2019,2019-03-28,api-fast,deepseek-v4-flash,generic,140,2026-08-30T20:45:39+00:00,c2c4d34dd9fd9ae75ba42a152b74ce7b8159f7bdadee17b2d49114aa1a44c3d9,b7e6d155b5982ac39eeefcd7d51d4e0e34b8d0f8bb3f3a1ce8988fd0c0d440c7,14453,1
2019-03-28__api-fast__schema_guided,cyclone-idai-2019,2019-03-28,api-fast,deepseek-v4-flash,schema_guided,140,2026-08-30T20:45:39+00:00,0d5676abb87417bbd36f01cca1ded78980e8ef44e98487e931baffb844f4c066,2f8f863c489ba36494fe992264b0e6127c128179dae26bdea05d514b5742da33,16746,1
2019-03-28__api-strong__generic,cyclone-idai-2019,2019-03-28,api-strong,deepseek-v4-pro,generic,140,2026-08-30T20:45:39+00:00,be0338b965af8876dc29de808e846b5daa780252d6a4b9120c8b3ee1a51bcd73,9d3a4c64820662fee54fc786765a564efa6b6be31846a25fd92311f123b12fb9,11995,1
2019-03-28__api-strong__schema_guided,cyclone-idai-2019,2019-03-28,api-strong,deepseek-v4-pro,schema_guided,140,2026-08-30T20:45:39+00:00,323431ab8a8209ca27c48f7f52ff9a6a6fd66a4d311eb71d7c36634a885fc31c,36b7780edbb655258a467a399cd26a2efeec05625db7d1ec528de85cb720191f,18539,1
2019-03-29__api-fast__generic,cyclone-idai-2019,2019-03-29,api-fast,deepseek-v4-flash,generic,109,2026-08-30T20:45:39+00:00,9134db9a1d4a11371891a0fdcfc35ce3b99203e991374ae3d0eb97c86cdb9e3e,8d7f487078fb311df7f037c9de5dacc9c4850183675d7602ad615c6136064282,14687,1
2019-03-29__api-fast__schema_guided,cyclone-idai-2019,2019-03-29,api-fast,deepseek-v4-flash,schema_guided,109,2026-08-30T20:45:39+00:00,53d304daa91b38414ada3ebfaa6760546fd31b58cafb2962f77c5351f7ad57cd,5704667b60dcb7dadb6d4c5f1deace1cae00469def405bfba28322602627d90c,16502,1
2019-03-29__api-strong__generic,cyclone-idai-2019,2019-03-29,api-strong,deepseek-v4-pro,generic,109,2026-08-30T20:45:39+00:00,f673bdef62343b60d9ab420e32876fb100763d8d12f8abd5b95567b32ca6a33b,2900d5a89af0e098644457dbcda8d6b7b1ed0dcc9902f4922f7be9eec8b27940,10555,1
2019-03-29__api-strong__schema_guided,cyclone-idai-2019,2019-03-29,api-strong,deepseek-v4-pro,schema_guided,109,2026-08-30T20:45:39+00:00,4e8c126352fb0400e9d08a6849c92a7a8899eb38033550d75f5a8a17398adeee,025680f00cc604fa646a6f8be24eefc4a7c0d23fc18997256718c46e2d0c9ee9,15214,1
2019-03-30__api-fast__generic,cyclone-idai-2019,2019-03-30,api-fast,deepseek-v4-flash,generic,69,2026-08-30T20:45:39+00:00,28bc1d5a897ba55409b367b80675930200c65fbc7b12293f341a30e1613db1d2,69d213e1c5076a77f2b2b29aa2cbba7f7bdc7d75d7eaf97f1e4dfbb0df9eacec,6426,1
2019-03-30__api-fast__schema_guided,cyclone-idai-2019,2019-03-30,api-fast,deepseek-v4-flash,schema_guided,69,2026-08-30T20:45:39+00:00,ae7b04abd80e7afdc2ec39d4a47cc7b87d7a7f3c11a81b83b247ff55b3f74830,338da007d24a51efcd3e053d4d230eee526a144126b47f4f329b26b52c1d690b,10404,1
2019-03-30__api-strong__generic,cyclone-idai-2019,2019-03-30,api-strong,deepseek-v4-pro,generic,69,2026-08-30T20:45:39+00:00,b6685b8e5e6cf452332cf54b46dadc42054ef8604240ed7acd17f9510dca417c,e594e677fc51d20e8ab2a41d92db3a39c37554c51bd4fdffddeb888baeec3788,7250,1
2019-03-30__api-strong__schema_guided,cyclone-idai-2019,2019-03-30,api-strong,deepseek-v4-pro,schema_guided,69,2026-08-30T20:45:39+00:00,fbde9150c8388d5b513d047dc6c86eba46ce179774ee4ccbf0c468a844c9fe0b,1e87c281b0c15096772ce84968b08a37c4bb6b193131a076153312cdf6b01ca8,10059,1
2019-03-31__api-fast__generic,cyclone-idai-2019,2019-03-31,api-fast,deepseek-v4-flash,generic,41,2026-08-30T20:45:39+00:00,3ae38b5b3ab5fd8717e3986c588719fec4a3cd3862461fde3879a186a01c7535,5c1fd70ca78657cefe4c79552953b6d6218cd3212907e25e4da9f7936119284c,4862,1
2019-03-31__api-fast__schema_guided,cyclone-idai-2019,2019-03-31,api-fast,deepseek-v4-flash,schema_guided,41,2026-08-30T20:45:39+00:00,dd2c9db78dcd011e295f80a3923121b3a9c5e33b0e0d4c28c13c51dfa4021436,c22b4cdac5450cb32cda408718a32852fab278d12a0395f03ea91642581bc71a,9247,1
2019-03-31__api-strong__generic,cyclone-idai-2019,2019-03-31,api-strong,deepseek-v4-pro,generic,41,2026-08-30T20:45:39+00:00,55fd8a0ebce8d92456460828988c8ef6bbfb3cf486c80454c0b1877128c60c27,96e24dfb2a22b86f0869766004856bf936ddbb971db3f2c87edd36d6960dc2a9,6306,1
2019-03-31__api-strong__schema_guided,cyclone-idai-2019,2019-03-31,api-strong,deepseek-v4-pro,schema_guided,41,2026-08-30T20:45:39+00:00,6c5c4d3b0abb4107b60327fd6d8e355b77c1266e65335f1c2553f2c3673e66ee,234fd90c99d9bb062069655450c076367222a6305fccccb84e52080da976bbdb,8522,1
2019-04-01__api-fast__generic,cyclone-idai-2019,2019-04-01,api-fast,deepseek-v4-flash,generic,88,2026-08-30T20:45:39+00:00,ef4ae5be00561a20ea1cee04d6bd8a815b50e150dc8364b91bcf5b0c37ed1ead,049181204a96a6b43b525edc31b37e39a6c942c82c42d992c3cf9ffb1e6c0500,11784,1
2019-04-01__api-fast__schema_guided,cyclone-idai-2019,2019-04-01,api-fast,deepseek-v4-flash,schema_guided,88,2026-08-30T20:45:39+00:00,36a4f8331f7fa6109ca071b8486a6303399f7fd3f5dc1a0785dcae8f20d402e8,608a96fafc4df5d9bf22bd9a1d5004aeacc92be8706396d13f7e39d7690f16cc,12589,1
2019-04-01__api-strong__generic,cyclone-idai-2019,2019-04-01,api-strong,deepseek-v4-pro,generic,88,2026-08-30T20:45:39+00:00,2bef946a902d67151b4912e06355f6007c56e39cf44b694ec1e09d51a21fef4b,bd1f89636a75f1a9ee1260610cf13f2a6af643defff9e4eb146a46a2767ad79b,10197,1
2019-04-01__api-strong__schema_guided,cyclone-idai-2019,2019-04-01,api-strong,deepseek-v4-pro,schema_guided,88,2026-08-30T20:45:39+00:00,5c9cc4a784af72efe236fa2fbe116f04f53618bdff4e3b40d5e6448cf391267e,2af28c97bc0d7130b47233947519c362856638adf811bdf919dd13c0051629d1,10516,1
2019-04-02__api-fast__generic,cyclone-idai-2019,2019-04-02,api-fast,deepseek-v4-flash,generic,101,2026-08-30T20:45:39+00:00,0cd25bcc406f7643fa50e5a57267b837207b4f91d027412f853d7282d0f332d7,a19559ca79e49397973cda48c626867505696d8d020c6041b7053da00cca4f18,8640,1
2019-04-02__api-fast__schema_guided,cyclone-idai-2019,2019-04-02,api-fast,deepseek-v4-flash,schema_guided,101,2026-08-30T20:45:39+00:00,984c4e5e102ad74a96570527f03aaf4a2e0e0b727389a0a0e68aa28a3d4ebfc3,37d50c64008c90eba13307664729a9caa875e8075584b581324acad023bde0d5,14057,1
2019-04-02__api-strong__generic,cyclone-idai-2019,2019-04-02,api-strong,deepseek-v4-pro,generic,101,2026-08-30T20:45:39+00:00,54e56b2b92fdeb95cdc47324d1738edd2763708e34aa2bae25b7ab7fe62fe253,ad23ac01c49cfe286dc7464d0c4ea858f5590f75145dca7f323283aa79f56528,7594,1
2019-04-02__api-strong__schema_guided,cyclone-idai-2019,2019-04-02,api-strong,deepseek-v4-pro,schema_guided,101,2026-08-30T20:45:39+00:00,9401976334c7b30fcec4ef4ec83bba0987722bb93f76d9e56e217075cab77139,e1758bedd11547ce578689d602dd4396b1532435de43978889a072b01f4d736c,14353,1
2019-04-03__api-fast__generic,cyclone-idai-2019,2019-04-03,api-fast,deepseek-v4-flash,generic,79,2026-08-30T20:45:39+00:00,77bec7e992eab9b40f27537540b6cafab71ffaae751a04ffbc88c56ebdd60ec6,17c5bcff932248ddf8b4dd70e0588c8b0107e7cd2180ba344b64239e6f482d5f,6953,1
2019-04-03__api-fast__schema_guided,cyclone-idai-2019,2019-04-03,api-fast,deepseek-v4-flash,schema_guided,79,2026-08-30T20:45:39+00:00,79619b10bdd9d9052fdaecd5f434047274b96c99ce120d20841d08e77039bf70,1d2f42def33937ee8d09cc727a4c8ce4f862fcdb028c88b61dc9b4e65721d828,12326,1
2019-04-03__api-strong__generic,cyclone-idai-2019,2019-04-03,api-strong,deepseek-v4-pro,generic,79,2026-08-30T20:45:39+00:00,d6f549bbb2758bd316c335676c6ecf5dc36abec440b4caa5e1f33f10e35b2eb7,353dfc8ba0bd03153577b9593bdb4df505e29459674783069837b4e9a290d554,8481,1
2019-04-03__api-strong__schema_guided,cyclone-idai-2019,2019-04-03,api-strong,deepseek-v4-pro,schema_guided,79,2026-08-30T20:45:39+00:00,7310ef523653155d5ce8b957306a6d7fa4b0dfb1deb6dbc73d60db2f2f3705dc,57747562b83d81a8563e6aae0f7ae4ec679fae0d7e8659218f0dc9ef2f466983,8945,1
2019-04-09__api-fast__generic,cyclone-idai-2019,2019-04-09,api-fast,deepseek-v4-flash,generic,35,2026-08-30T20:45:39+00:00,c31875f72a4d9de1fe2540a6c26eeb476431469afb710f3bb69c6f172f326d94,4115080bdd200aacff85ecd4fcbc31fdc55ef68ff40393cac4a81516b5668deb,5488,1
2019-04-09__api-fast__schema_guided,cyclone-idai-2019,2019-04-09,api-fast,deepseek-v4-flash,schema_guided,35,2026-08-30T20:45:39+00:00,95da610df9e458ca738414a5f1114c4728223e615c2b02f5432cfdeb797cf635,5bbc0a491abc2a0090cdb77e461656a5d77bb1ec1b44659634e3196648d1bd84,7635,1
2019-04-09__api-strong__generic,cyclone-idai-2019,2019-04-09,api-strong,deepseek-v4-pro,generic,35,2026-08-30T20:45:39+00:00,8e5e2cfd5c8bcef86bad73138834f866ae71bbcb100f14ceba50a9804050fd39,f8769219e5376b8ac6a7b35562e2434cfd8940721fd716bce74955b70c8839d7,6602,1
2019-04-09__api-strong__schema_guided,cyclone-idai-2019,2019-04-09,api-strong,deepseek-v4-pro,schema_guided,35,2026-08-30T20:45:39+00:00,55c6108cdef86762068e333b103da664a0ed0fa80777aeceff2a6a4e88595bc6,8af16aff180bdff4946f9201c624b1c11a337cae9828205de1a1623c6373dbd9,7942,1
2019-04-10__api-fast__generic,cyclone-idai-2019,2019-04-10,api-fast,deepseek-v4-flash,generic,55,2026-08-30T20:45:39+00:00,b82b2cc7d63d7a8bb69fb619dac53e103919ec2fc2dbdc3db470157e58c8033d,530859ea65c727a5e8fcfe26e2137b9c6e6e6e377e141dca8d94eff7987e2ef1,6636,1
2019-04-10__api-fast__schema_guided,cyclone-idai-2019,2019-04-10,api-fast,deepseek-v4-flash,schema_guided,55,2026-08-30T20:45:39+00:00,873f82201e937e74b4daab01109e846e2df8fbfb4c7fb8bd3c6735fb735476a7,1d1b6e2402f19eb2d53b0b0084ab3b944a3e01eecc89a079bfa8ecb00fc313ea,11121,1
2019-04-10__api-strong__generic,cyclone-idai-2019,2019-04-10,api-strong,deepseek-v4-pro,generic,55,2026-08-30T20:45:39+00:00,a78be3384a9a284332ba60f2c0f29a06f4feaa5919dfa6c73aac1bf8633a521e,84c765402349df3d74cff1d376d7b528a454aaf3055aeebe33e27b14a8184666,7792,1
2019-04-10__api-strong__schema_guided,cyclone-idai-2019,2019-04-10,api-strong,deepseek-v4-pro,schema_guided,55,2026-08-30T20:45:39+00:00,0412a09fc70dd504f5deb69bbb3f157f6de82d8e67e2fe174e4f8e8061d4792f,463aed7b3565c6b79daf64c03aeca0ca1b70a46805f3d52d226afbcaea0baaed,12733,1
2019-04-11__api-fast__generic,cyclone-idai-2019,2019-04-11,api-fast,deepseek-v4-flash,generic,63,2026-08-30T20:45:39+00:00,c4e857f6be0e25f9cafe5aed5a381783477cc25f5ee972f71d08f2457e51f91c,59ac9a03be92b0068af6d90c71b389b74acdbf41b771205b35fc285c99737de4,5157,1
2019-04-11__api-fast__schema_guided,cyclone-idai-2019,2019-04-11,api-fast,deepseek-v4-flash,schema_guided,63,2026-08-30T20:45:39+00:00,11162ff50fa1800a79e805510b58a4e92c08c6d56b24db829a6f38e6b4c0bfa1,fbfbad4eff2467a5403fd1b044c6769adf047ac723f92fc80c96c749f8c26f91,7338,1
2019-04-11__api-strong__generic,cyclone-idai-2019,2019-04-11,api-strong,deepseek-v4-pro,generic,63,2026-08-30T20:45:39+00:00,996af396aeacdf3327ade3accf82d6660a639c877e51fe1a6cecdfe4388daf1c,de9a11f4081960f87524457737e42ce68cb1609d5a63f38e06cee1ed6f2d4791,6635,1
2019-04-11__api-strong__schema_guided,cyclone-idai-2019,2019-04-11,api-strong,deepseek-v4-pro,schema_guided,63,2026-08-30T20:45:39+00:00,5d0c8872d4a6beec1554c712c540d931c3a1c0aecd076e23001fd8ce43c6dff5,342d348ad923d06fcad0a89ecfdd05c9cc3de4958e6dc5b19344b193ddab711c,10150,1
2019-04-12__api-fast__generic,cyclone-idai-2019,2019-04-12,api-fast,deepseek-v4-flash,generic,55,2026-08-30T20:45:39+00:00,f686d135c6f7a0fcbf704f929b358d8e8cd45724dec697535fd5bc04f1e7d6ca,e3b0c44298fc1c149afbf4c8996fb92427ae41e4649b934ca495991b7852b855,0,0
2019-04-12__api-fast__schema_guided,cyclone-idai-2019,2019-04-12,api-fast,deepseek-v4-flash,schema_guided,55,2026-08-30T20:45:39+00:00,18e2388dd47f116a55aff6a9cdc81a17693ea7e66136b64556a9edfbd05cf0df,6d39c8a7acea146d7c5fc9a272880ebbee79edd6e64ba66deb4cd29d33745656,9532,1
2019-04-12__api-strong__generic,cyclone-idai-2019,2019-04-12,api-strong,deepseek-v4-pro,generic,55,2026-08-30T20:45:39+00:00,e1d1f5c8a33435a23b989e1241f05df6abb54e5207d13fe9426e5be29b3c9e2b,c4a0f2e07ddc70eb2352aed4bcae9dd912e7b3a0469cdecc6f6cd0edb71c723e,5485,1
2019-04-12__api-strong__schema_guided,cyclone-idai-2019,2019-04-12,api-strong,deepseek-v4-pro,schema_guided,55,2026-08-30T20:45:39+00:00,bc162c18b10cd6c341a1ba9a5da6946e5ca9fb64bed12d7f63d22d6c2a05f759,85287bd4e4c352b66328173f5ca8573115254d23da3f5ea7f151583ad1bdb7a0,10596,1
2019-04-14__api-fast__generic,cyclone-idai-2019,2019-04-14,api-fast,deepseek-v4-flash,generic,36,2026-08-30T20:45:39+00:00,cd882586cdba59c35eae3dc6e4f2374d157185ee928115539b6b83617fa0061a,8af90b66cac4bfb4f711b6f4d8e8b16929cfcca36cf91d533c463f7e86698f1f,3738,1
2019-04-14__api-fast__schema_guided,cyclone-idai-2019,2019-04-14,api-fast,deepseek-v4-flash,schema_guided,36,2026-08-30T20:45:39+00:00,181609cc060f5f0ca0ecf6dcdea3f1bebb1a59cbf2ee5406b323d9c6f9be68bd,262a70e95925d146557162bdff3b1a1a04b7da7f61cd41bdeb166e899ac05037,6351,1
2019-04-14__api-strong__generic,cyclone-idai-2019,2019-04-14,api-strong,deepseek-v4-pro,generic,36,2026-08-30T20:45:39+00:00,9fa48a9e71216a5e68380779f36cdb78271f0f8814a8c22e6f7c40ee5322f11d,3afac024fd05ad7c065f5ad452de8be743e3085341db77654619b62fbe2a1470,5338,1
2019-04-14__api-strong__schema_guided,cyclone-idai-2019,2019-04-14,api-strong,deepseek-v4-pro,schema_guided,36,2026-08-30T20:45:39+00:00,7ff5401948ad84399ca0ba337e9692909c927e29bcc823302647da05fb169409,79a22a18e0efa3a8aa543e61c52063ff5141581cea52ae5250960c57eec201ea,7276,1
2019-04-15__api-fast__generic,cyclone-idai-2019,2019-04-15,api-fast,deepseek-v4-flash,generic,38,2026-08-30T20:45:39+00:00,ec7272805a20325f121bfa791db493052ed89c630596c08bc0f381fe23321ca8,b61402f4e7edd6ffadd71af7fbcf6ced70baf3ec4b4103a4c0c78252c4b3bc79,4420,1
2019-04-15__api-fast__schema_guided,cyclone-idai-2019,2019-04-15,api-fast,deepseek-v4-flash,schema_guided,38,2026-08-30T20:45:39+00:00,ffb8c18919ef2a2f7c4e06f555bd997b643a194bd30af570c993a89fd242d122,9c96a70ac703bf0a3a2007dafccd60d803e9daa44179008a6077560d37a63350,7265,1
2019-04-15__api-strong__generic,cyclone-idai-2019,2019-04-15,api-strong,deepseek-v4-pro,generic,38,2026-08-30T20:45:39+00:00,062761726e9afb606bc8198900d9a63efc26e7b5629450986bad6d11ec365669,66fa09c1c3a7bfd16eb9f6f8eb919283eadcb41e645734c17149ae782c550f0d,5519,1
2019-04-15__api-strong__schema_guided,cyclone-idai-2019,2019-04-15,api-strong,deepseek-v4-pro,schema_guided,38,2026-08-30T20:45:39+00:00,14e93bfb305cf06144ebab2404f8ec124f3d9189da069c6280c94aae17b15b49,e7cef22be0072292b256ebbaeace2d512317ca327cde0d4d7cd413c2d5a48e4d,7829,1
2017-09-06__api-fast__generic,hurricane-irma-2017,2017-09-06,api-fast,deepseek-v4-flash,generic,400,2026-08-31T05:20:27+00:00,57270ddb62c8a5a1fbb8d67666b91662388b3f99170343c9e32d5e3a72190af4,af50da5dd866f4b5e3b324508c3cb9632e702d8442c8a9cf50d27f04a3cab818,9407,1
2017-09-06__api-fast__schema_guided,hurricane-irma-2017,2017-09-06,api-fast,deepseek-v4-flash,schema_guided,400,2026-08-31T05:20:27+00:00,a7e1a17aeee6855ea4bef970839f34a96169af491aee03260edd5a52b17dced2,50661d0b8d681c7a87df7dbf37130e66cf16e4cefa5eb6cf73708d4f8d2484d8,12112,1
2017-09-06__api-strong__generic,hurricane-irma-2017,2017-09-06,api-strong,deepseek-v4-pro,generic,400,2026-08-31T05:20:27+00:00,2d6b9b1c152b05dc10fff10ab6449aea2df3947483d80b96be05cfd0a94d8bbd,f0323b3b507ad486d72002e8b98b8b1024cfa8203729f27eae8db4890564b0d2,13707,1
2017-09-06__api-strong__schema_guided,hurricane-irma-2017,2017-09-06,api-strong,deepseek-v4-pro,schema_guided,400,2026-08-31T05:20:27+00:00,cde7392aed30c985311f55d7c73229ceccf974abf05d15a027245d7308c0c6cf,1850e90386abc416d5f2eebfd13748d2c5acf3fc8edcef0587de1254774e474e,10674,1
2017-09-07__api-fast__generic,hurricane-irma-2017,2017-09-07,api-fast,deepseek-v4-flash,generic,400,2026-08-31T05:20:27+00:00,d2e35f1c73e7075b4959fab81c03deac3fc99fef0dfe0d3d2e41def47ff1c806,7e4f6fc1fa6955c95e01956143fbd2e07d9295e3e8da6cb590ce99ce663fabca,5261,1
2017-09-07__api-fast__schema_guided,hurricane-irma-2017,2017-09-07,api-fast,deepseek-v4-flash,schema_guided,400,2026-08-31T05:20:27+00:00,993c1d2aad527c9e94c5858a2359fb8f5355adbf3c42ec890edfaf2ee662bc49,c1920118e98115e3a8f5543364128ba81663bc548f48499e205c18fa121dc8d1,10295,1
2017-09-07__api-strong__generic,hurricane-irma-2017,2017-09-07,api-strong,deepseek-v4-pro,generic,400,2026-08-31T05:20:27+00:00,d13bb958f6bca1c668164d388a70181513b8f1224c531238cd255696e49a3bb1,8df81b10ae4f8f61480188acbe5f8cbbe969f9fb5c59cd05db4b6abba21bf960,9275,1
2017-09-07__api-strong__schema_guided,hurricane-irma-2017,2017-09-07,api-strong,deepseek-v4-pro,schema_guided,400,2026-08-31T05:20:27+00:00,00f8b6ab3bd8985424535d7b5745b2d2184d294cc9a1e29551e61606f2e61232,79d948875550c70b269efb637329d9527f0513897703fe06e96d3b255ef46cd4,9421,1
2017-09-08__api-fast__generic,hurricane-irma-2017,2017-09-08,api-fast,deepseek-v4-flash,generic,400,2026-08-31T05:20:27+00:00,7c45da8e22a87bb03acff73f06be2c4e50537a22cd177dab5044c20d76adfd4d,c5f635561a0ccba74bab5e3b10e6dbad12e9ce686686c279ec7be81b901ed64a,9582,1
2017-09-08__api-fast__schema_guided,hurricane-irma-2017,2017-09-08,api-fast,deepseek-v4-flash,schema_guided,400,2026-08-31T05:20:27+00:00,4a451af24150cc437d6ed169045f7f87e8c54f8ce60b683b9798e6c5ea7726f9,9fa8e3c5947f5940f2562995e5ebf6fb1573e1d46415f815aeb669c1bd849297,14740,1
2017-09-08__api-strong__generic,hurricane-irma-2017,2017-09-08,api-strong,deepseek-v4-pro,generic,400,2026-08-31T05:20:27+00:00,0b4cb0a541bc44df830296280088bd4945180f3e581cc619c86c61c3154fd974,80e48acabb3debbe507185d84a3e35d23c4c7a62d8aec604e89280dac917c32d,11333,1
2017-09-08__api-strong__schema_guided,hurricane-irma-2017,2017-09-08,api-strong,deepseek-v4-pro,schema_guided,400,2026-08-31T05:20:27+00:00,c5c044d5aebae1600e05d187ba006800aac8dbcf598c09dd6c1dd3adfc7ac128,167ac6a3b352bfed604af9585c42b3d72eb11e053bd824e58004f36fd90ebce6,18433,1
2017-09-09__api-fast__generic,hurricane-irma-2017,2017-09-09,api-fast,deepseek-v4-flash,generic,400,2026-08-31T05:20:27+00:00,e4b734a6f512e0bd332203c9c8d51d0ded057d3b050a55ad1058b99f53c43969,eaed7ad05799aba324a9ad1f5f0409cb25dff5db5024d852e3990db3e5d5ce3d,16438,1
2017-09-09__api-fast__schema_guided,hurricane-irma-2017,2017-09-09,api-fast,deepseek-v4-flash,schema_guided,400,2026-08-31T05:20:27+00:00,8f44930fe308fdae02fc620ec03dc8fd2ba3305b81f62c48a03dc2f445576eb3,a9084e48ea0f0983c9e3e9588d589192ffff7fab594bca172fc7d3bd3059451b,15927,1
2017-09-09__api-strong__generic,hurricane-irma-2017,2017-09-09,api-strong,deepseek-v4-pro,generic,400,2026-08-31T05:20:27+00:00,7806cafca5f0e861cb8d8b5a8dd8f609ede3649e4a15ff9818fba4e9a2ec65ca,58990fd90e6094cd63de6ea1ee9c100f34dc9834d4e86be242de2e36c0924d5c,10221,1
2017-09-09__api-strong__schema_guided,hurricane-irma-2017,2017-09-09,api-strong,deepseek-v4-pro,schema_guided,400,2026-08-31T05:20:27+00:00,cd1f4a93bdd1fa91969c87202128fe71cd7be7ab6bda8e27800b1af70a2fa4f2,4b971d7c37c04457148cf1f2f2d6cf6e8f84f5376412d0bba3ad2695aebfa0e8,13046,1
2017-09-10__api-fast__generic,hurricane-irma-2017,2017-09-10,api-fast,deepseek-v4-flash,generic,400,2026-08-31T05:20:27+00:00,6f7572ada25b5a6e37fbf134c054aed2cd42b3b2c45e5e27dec86b9bb73a2e6a,01d6f68c5c28178b5830cf8f2a9f7963340054a6940b3474609bafc9ee2f24b1,13478,1
2017-09-10__api-fast__schema_guided,hurricane-irma-2017,2017-09-10,api-fast,deepseek-v4-flash,schema_guided,400,2026-08-31T05:20:27+00:00,847fcc5985eb7c182ba028f9b0ed2a6e3339c0951c88ce8e9ba5dc9deda94a83,09c23dbe085a6d77a49a69c1602c1283a2b9641b00cdded4d986a84898f8222c,17665,1
2017-09-10__api-strong__generic,hurricane-irma-2017,2017-09-10,api-strong,deepseek-v4-pro,generic,400,2026-08-31T05:20:27+00:00,90aa54e60bd16250719ec855e7f15d1542cb9b55b27ffe57a4f98f4a978ca205,90f9912d7ece61dd5091a2491c3b70546c862663326ecbb59c081a6a656e9a14,12193,1
2017-09-10__api-strong__schema_guided,hurricane-irma-2017,2017-09-10,api-strong,deepseek-v4-pro,schema_guided,400,2026-08-31T05:20:27+00:00,e095546d2deb65804e29e0dc3573aac22ced312383dd943c354f103079db21bf,38d0014fc299ae0e83aaa67e06c84bf3209072e54bab07ae3e11ba73dde2db04,16521,1
2017-09-11__api-fast__generic,hurricane-irma-2017,2017-09-11,api-fast,deepseek-v4-flash,generic,400,2026-08-31T05:20:27+00:00,05c1f5f045a67a97a6d347982dc04464dae1002101d9367bf2be9d553b9b8e04,4a274cfd16de205b25298e9ef805b225914a9d96d1f25d5ef2b85d4d79069f57,10512,1
2017-09-11__api-fast__schema_guided,hurricane-irma-2017,2017-09-11,api-fast,deepseek-v4-flash,schema_guided,400,2026-08-31T05:20:27+00:00,f93a45944447db27887778ecaa1b07c1443fd4eb2b87e95b8574453dca3dc6ad,b936deb6215c173c17e92cb922fd0834cd8a45d83f1aba34a02b6f5978248673,14796,1
2017-09-11__api-strong__generic,hurricane-irma-2017,2017-09-11,api-strong,deepseek-v4-pro,generic,400,2026-08-31T05:20:27+00:00,83bbc91666eea2fe6b17c4d3919eda078e512a533c0aa79c4a0b0bc125c0d690,90292806038726dd9b39d334f57d5406f5b4216a63f836beff7780dbe5623889,6598,1
2017-09-11__api-strong__schema_guided,hurricane-irma-2017,2017-09-11,api-strong,deepseek-v4-pro,schema_guided,400,2026-08-31T05:20:27+00:00,0758c0335c5242e8baf676720ab973434ec7f8dc8bd4eba6a47a831bed6b24e4,f2d82092dc61f74fc331cc3f212a805629aabb3c509fc972b15299221f03cceb,12895,1
2017-09-12__api-fast__generic,hurricane-irma-2017,2017-09-12,api-fast,deepseek-v4-flash,generic,400,2026-08-31T05:20:27+00:00,71e3bac3acbe58d5184d93f97ea394ef6557e8fe41bb6501a0dc0ff4ebace9f3,fbf4ea9afa3ea05efa8c6f3e75662d198f8be7ec29606330d0feddf0f3f0735c,7934,1
2017-09-12__api-fast__schema_guided,hurricane-irma-2017,2017-09-12,api-fast,deepseek-v4-flash,schema_guided,400,2026-08-31T05:20:27+00:00,7184957116e237bfdeda439cecb313d676ec063e56058804c3fba8f0464bf13d,0ac046a5907ea6f8b72cc317ea5681c6c684ec40beee84b9734518387dfa8665,21130,1
2017-09-12__api-strong__generic,hurricane-irma-2017,2017-09-12,api-strong,deepseek-v4-pro,generic,400,2026-08-31T05:20:27+00:00,9d4d8286a3281544ae47f2dd77b8f3c00ba626dcda6109505d73161dc92a01b7,0ddfb4948c57d2f4ea5e852d387dd7c8f9801bb33f1573141af1892c03c1568d,10059,1
2017-09-12__api-strong__schema_guided,hurricane-irma-2017,2017-09-12,api-strong,deepseek-v4-pro,schema_guided,400,2026-08-31T05:20:27+00:00,e9b353bd6655e600682ad97232299775442082c42275350d82007415a85f8d51,604db422118b0d3f292f11310d0ec1cbfc0bdff31219378b88f459885481f14d,15578,1
2017-09-13__api-fast__generic,hurricane-irma-2017,2017-09-13,api-fast,deepseek-v4-flash,generic,400,2026-08-31T05:20:27+00:00,2708ea8fa396e670585037bb01a968c1f6a0dc899f5ae8898ec14f66943ce473,c63095ca8ddb1bec06cf61abfb8c5e16142defd768b0ea1ebb2356bcc0acb0c7,6659,1
2017-09-13__api-fast__schema_guided,hurricane-irma-2017,2017-09-13,api-fast,deepseek-v4-flash,schema_guided,400,2026-08-31T05:20:27+00:00,05c9415924907eb6a73569f0404428d6580a65c7f4a210c561bc301c30cc7bad,7f0ba38f270c282cb47dd8b09f88949a98bcb6e301abeddd77b7b6ef86f21e29,14826,1
2017-09-13__api-strong__generic,hurricane-irma-2017,2017-09-13,api-strong,deepseek-v4-pro,generic,400,2026-08-31T05:20:27+00:00,34d447fb52f94357fe5a107067d36fe6905f3456bbf60fce5435556681e06d09,c311a867b2a11b694a490ac68dc4237a5e936cfbf197c4f760c8d98a426d6765,8012,1
2017-09-13__api-strong__schema_guided,hurricane-irma-2017,2017-09-13,api-strong,deepseek-v4-pro,schema_guided,400,2026-08-31T05:20:27+00:00,c32e04ec7be73d618406423570066388f65e05c2c4e88fe0b31ec3aeeb5e8e35,9f28ad26f1396d4ce26ac87d883de3a340172793e8e8edbb2d946794aabfc7ba,12194,1
2017-09-14__api-fast__generic,hurricane-irma-2017,2017-09-14,api-fast,deepseek-v4-flash,generic,400,2026-08-31T05:20:27+00:00,90eb4af6112882aa93a861e975da92cd75885683485f1cf76daf604f10e6c451,bd9f6a1e79009b8a6ccd7ef5f53182584e683b54070b934a994020cf0996172f,9645,1
2017-09-14__api-fast__schema_guided,hurricane-irma-2017,2017-09-14,api-fast,deepseek-v4-flash,schema_guided,400,2026-08-31T05:20:27+00:00,7ba8c9b35e6181d04456b42542f13df1c9414de53d8c14f8f308cfa27c864ff5,3c3067c772e63032da188d0ecc5b8b1cea4bd4367cf7f7ba33125a7ac17770b7,20670,1
2017-09-14__api-strong__generic,hurricane-irma-2017,2017-09-14,api-strong,deepseek-v4-pro,generic,400,2026-08-31T05:20:27+00:00,5dadcff4287a7eb5ce71feacb9246f6266437da0c4f45805fb9be15e288aa485,b6119c4bc43e4d83bd643b0929e04a41563b1aeff8331de39e87bc9128d62f84,10550,1
2017-09-14__api-strong__schema_guided,hurricane-irma-2017,2017-09-14,api-strong,deepseek-v4-pro,schema_guided,400,2026-08-31T05:20:27+00:00,dd32e3275226032aeaf35fa39c765958900e6811008578a4d38bcd50a92ee367,b9279533f66dd125c13c46946794fbfb7f8ee9a93a963d0ddfce2cec9cc3ce81,13086,1
2017-09-15__api-fast__generic,hurricane-irma-2017,2017-09-15,api-fast,deepseek-v4-flash,generic,400,2026-08-31T05:20:27+00:00,302747e179cb5a20eaeb9c87f8e2e83ddf6271fc8335fab8268d67359cbf00ad,0424b942ccaf0a73b726b306e9b170291bf3f7c4993ab20f8557c46b745d0abd,7074,1
2017-09-15__api-fast__schema_guided,hurricane-irma-2017,2017-09-15,api-fast,deepseek-v4-flash,schema_guided,400,2026-08-31T05:20:27+00:00,69cd2303b600e8a5d532fbc33e675ca293d6ded71dcf613ab25fa15474026438,02eaa10f5480af597d738f3e2d234613b87257ece0216108c91a7e38a7916ef9,13450,1
2017-09-15__api-strong__generic,hurricane-irma-2017,2017-09-15,api-strong,deepseek-v4-pro,generic,400,2026-08-31T05:20:27+00:00,18f5bc5fb51d7bd720188dd6adb5b431ac3750103090a1bd4f968b86d28b368e,240cb7d8ad73f846ce8ccc90ca2ff20836d9afecbdc125f32adaf33274e86460,6617,1
2017-09-15__api-strong__schema_guided,hurricane-irma-2017,2017-09-15,api-strong,deepseek-v4-pro,schema_guided,400,2026-08-31T05:20:27+00:00,99011f6f16d606da9bcae249d908901b923a68852b3c3b90790cd9925c4f011e,9aa90f53ad3e3f3adcd9882661fac0f1a9cdcc7d446362c7ebf2c1bab6d7ba4d,12391,1
2017-09-16__api-fast__generic,hurricane-irma-2017,2017-09-16,api-fast,deepseek-v4-flash,generic,400,2026-08-31T05:20:27+00:00,27288bdd777afc04c0469d459fe6d3ccc9f37449f33dfd6a7613b0bea9f2cfc1,4601352a6b063191cac6b9e0026a5bd585f458a8b9b6526e7aef1fb569fc0d98,10766,1
2017-09-16__api-fast__schema_guided,hurricane-irma-2017,2017-09-16,api-fast,deepseek-v4-flash,schema_guided,400,2026-08-31T05:20:27+00:00,601b573e7e3ff0bf138a55ed690d13af4430abcfbbf502f590f61e94538df0ec,02c93314a06534a01b47699a10027cc0009a91f1e7c9d4c3c0989bb359840e79,21022,1
2017-09-16__api-strong__generic,hurricane-irma-2017,2017-09-16,api-strong,deepseek-v4-pro,generic,400,2026-08-31T05:20:27+00:00,e7b551f7c2aabb4bd909c54d1c6ee69bccd7cb7dfd3f45dd462a204e96418cd0,bb120a63dda41a61e96e2eed1be1578644bb90712f93167881b8eda29825fa22,7538,1
2017-09-16__api-strong__schema_guided,hurricane-irma-2017,2017-09-16,api-strong,deepseek-v4-pro,schema_guided,400,2026-08-31T05:20:27+00:00,93c0e1f6d3a87a0ed5bcbc56753843f5146871608acaee63d6da49029938e140,be327092e6a389f9265dae19d7b1dcf7e21a3635be682753f0718663d2f49deb,18577,1
2017-09-17__api-fast__generic,hurricane-irma-2017,2017-09-17,api-fast,deepseek-v4-flash,generic,400,2026-08-31T05:20:27+00:00,949639374c0df1879bff7cbded1da4472b99bf78fb24106a74e2595ce4606f33,6015f971eab026e5dc835b6789433a76144cdf894de1dfe3a5d98a91b5a4817b,6119,1
2017-09-17__api-fast__schema_guided,hurricane-irma-2017,2017-09-17,api-fast,deepseek-v4-flash,schema_guided,400,2026-08-31T05:20:28+00:00,183f30d83284537656d67ed40333432eafb7d84bac4e1c50601e3159afd1efbe,a48003a3c7dd3f8512eb782d0eb76a1020031403ccaf9533666fbe0c4af930f1,23596,1
2017-09-17__api-strong__generic,hurricane-irma-2017,2017-09-17,api-strong,deepseek-v4-pro,generic,400,2026-08-31T05:20:27+00:00,d466bbb9071a82c5d4844f0e2c451eb9d432e29f72e4f9c663cfca11d3665ca2,a76d8d567854ae3d50852e38ee49368fa56227c6a21a3bf2f7ca4daf52467a8d,7986,1
2017-09-17__api-strong__schema_guided,hurricane-irma-2017,2017-09-17,api-strong,deepseek-v4-pro,schema_guided,400,2026-08-31T05:20:27+00:00,53993bfed841c06ec972cb4da0763fcf21f52c8fc03c2f388a30d6a0e0380830,8ef7def5cc03b3a6fafa2764131cc68dc40450538383aeb70bfaa0e146b87288,15285,1
2017-09-20__api-fast__generic,hurricane-maria-2017,2017-09-20,api-fast,deepseek-v4-flash,generic,400,2026-08-31T06:51:35+00:00,7a0c5b133e3150311704c3940e2f935133dec3bf0347482bb7fabe7d67d1bf5f,2385982a9d4cccf2048333be75468ab205616f96c8d57ca31e06ed1b725570f8,7064,1
2017-09-20__api-fast__schema_guided,hurricane-maria-2017,2017-09-20,api-fast,deepseek-v4-flash,schema_guided,400,2026-08-31T06:51:35+00:00,e2435fc30574dd0c26e63f287038263d49d44acf131a80b0221ccba137ded2f2,73f11d5eb794875b13a9cf3e7d3b8e7d63f477f1ae90d91a73a53f769f237986,8794,1
2017-09-20__api-strong__generic,hurricane-maria-2017,2017-09-20,api-strong,deepseek-v4-pro,generic,400,2026-08-31T06:51:35+00:00,a5c971ad94f02df8438f7513aedf15202335be57e1aff5cf6d67718b374fe388,3abfc765a809eef1f352c84784be13e38ce68e976874c08f942a4438c705e7c4,6639,1
2017-09-20__api-strong__schema_guided,hurricane-maria-2017,2017-09-20,api-strong,deepseek-v4-pro,schema_guided,400,2026-08-31T06:51:35+00:00,f2e6fc1df16b0aac2d1cc5a92662b1ef0eb9a13438d61b940808241ae3c5b7db,ffb091688375e9de0d2a438c144c8b3f76be147f10e1eaabd75be3fed164559e,6160,1
2017-09-21__api-fast__generic,hurricane-maria-2017,2017-09-21,api-fast,deepseek-v4-flash,generic,400,2026-08-31T06:51:35+00:00,c2ab14331e584564704c673935438674ab989c8509e6babc6f225872424fc962,0d48545ab4a7c03f4624d2cd6c73ff2bfc0d88080882c3c640d77f1d77484271,6997,1
2017-09-21__api-fast__schema_guided,hurricane-maria-2017,2017-09-21,api-fast,deepseek-v4-flash,schema_guided,400,2026-08-31T06:51:35+00:00,02418755eb439f01359c3cf65758f3df9c42baf2348595cee0c3f76349ed2e8a,aaa9e5655bb39f687d06c62304b5d44790d2c004b1530ef0c8dc0979745fecc7,9717,1
2017-09-21__api-strong__generic,hurricane-maria-2017,2017-09-21,api-strong,deepseek-v4-pro,generic,400,2026-08-31T06:51:35+00:00,92e7a15f2a35391f839b716ea381768e0bba5384ca739cc9053958dd85fb2276,293ce177e3a7758a4bfa3967fd184b584fdf97245fa3f54ed38d2b3f2c63b339,6264,1
2017-09-21__api-strong__schema_guided,hurricane-maria-2017,2017-09-21,api-strong,deepseek-v4-pro,schema_guided,400,2026-08-31T06:51:35+00:00,b28b1bcaf3c2ee23968170bb8509074f2c67f14fed27ff96994ad53422613b53,2af6a3505d5826b2a540171552eb4f0cae234dcf8e420113725e5ec86057a99c,9141,1
2017-09-23__api-fast__generic,hurricane-maria-2017,2017-09-23,api-fast,deepseek-v4-flash,generic,400,2026-08-31T06:51:35+00:00,f08b11f7654950a1d4e2ed966e9a0edc13962eaea1eb18e3cfa4ed98c50a463e,947b50c809104440fa0cf94a253ff6ebbf9cd48b1b931c68b5efe08f182baea3,7985,1
2017-09-23__api-fast__schema_guided,hurricane-maria-2017,2017-09-23,api-fast,deepseek-v4-flash,schema_guided,400,2026-08-31T06:51:35+00:00,3c3b520dc162585ab3294f801b23632a07f060769d68a717a30acf83b7e38cbf,b6a490d44b26681c1961e3179c9792bb8b4c203be9bca59bb132b3a1397c4352,19057,1
2017-09-23__api-strong__generic,hurricane-maria-2017,2017-09-23,api-strong,deepseek-v4-pro,generic,400,2026-08-31T06:51:35+00:00,4934ec115e60516109e4490fc489ebbce01df18e69e12fb1721c81c08c12cd6e,f0c7e622e6def2e5554c7753229cb9c083da5bf27cc20555f4b0cff4a538c0f3,7481,1
2017-09-23__api-strong__schema_guided,hurricane-maria-2017,2017-09-23,api-strong,deepseek-v4-pro,schema_guided,400,2026-08-31T06:51:35+00:00,5c4550b01c17fd39a7a09a29ce591464320f20cf5fa005422bb013937c672ed4,eb4dd02d927f1edab2e30df1de40c2465759f0a782a7f0315b5b1e2140a57523,14737,1
2017-09-24__api-fast__generic,hurricane-maria-2017,2017-09-24,api-fast,deepseek-v4-flash,generic,400,2026-08-31T06:51:35+00:00,921d2ebb5d36e8f79a6a747ec8d7cbb79e2696c6864fce50c96348005398d9f3,409d2ecbdca3d19f93da3fac4db6904ac8291fede853d3bb9a73500d013842a9,7079,1
2017-09-24__api-fast__schema_guided,hurricane-maria-2017,2017-09-24,api-fast,deepseek-v4-flash,schema_guided,400,2026-08-31T06:51:35+00:00,8fe9b3c02a8d50ccad425da0ec06b589814f69a00617730a90c43ae99989b3f0,90aedbaab8907498d42ca7624cfa3ad0e5bd009dd07a76c3ed5ed7617555af47,15435,1
2017-09-24__api-strong__generic,hurricane-maria-2017,2017-09-24,api-strong,deepseek-v4-pro,generic,400,2026-08-31T06:51:35+00:00,c3f608ffaa2a2da3dc38499e80a14a4a260eaa4941bfb09790706c55bfd21b3a,36cc4c2e45d15208460a86fee017fef3730f524dab45d5d300b7ca357dfe6329,7227,1
2017-09-24__api-strong__schema_guided,hurricane-maria-2017,2017-09-24,api-strong,deepseek-v4-pro,schema_guided,400,2026-08-31T06:51:35+00:00,8f82131a39ef758ba7818bc5b299c48bd6b08ddd630dd628e31692d585c48e56,e3b0c44298fc1c149afbf4c8996fb92427ae41e4649b934ca495991b7852b855,0,0
2017-09-25__api-fast__generic,hurricane-maria-2017,2017-09-25,api-fast,deepseek-v4-flash,generic,400,2026-08-31T06:51:35+00:00,adc463488f147a0a769d41903ba32b9186d75c1d78fd64bc92e942e07cc2c9be,c7c9adadab3f7add435091a3f10e0665094b8723ad9adc56557e2a32a2521514,9906,1
2017-09-25__api-fast__schema_guided,hurricane-maria-2017,2017-09-25,api-fast,deepseek-v4-flash,schema_guided,400,2026-08-31T06:51:35+00:00,ea28a6a2cea90b05b5513e8b39b75356120087dadf8e2320fcf22d6809bb58f4,f86e24e93b7845215b9425256918056143dc00b064a0d285c305aa989e99f786,13071,1
2017-09-25__api-strong__generic,hurricane-maria-2017,2017-09-25,api-strong,deepseek-v4-pro,generic,400,2026-08-31T06:51:35+00:00,6d377cefb4953db792d587b04dc48cc40cff231557f3e8c5fff0b2406773523a,03bb2f89765582653e40a2408e70ccdd54fd56ecee0fcb68c4e341cae2bfa0cc,9022,1
2017-09-25__api-strong__schema_guided,hurricane-maria-2017,2017-09-25,api-strong,deepseek-v4-pro,schema_guided,400,2026-08-31T06:51:35+00:00,a255878eecd22e7fb82940d3ba22183c7b2c422a73cc853f93b8380dec00223d,8d506589f62cdd9f06c21742cb972a3ef5ed06679779d1a8c4a80785c9da24a5,13185,1
2017-09-27__api-fast__generic,hurricane-maria-2017,2017-09-27,api-fast,deepseek-v4-flash,generic,400,2026-08-31T06:51:35+00:00,b403769c419e55abab7410d91ba761eead832ceb135f132e8ec25aa53338ef41,214d70814851cc04494cb6e824abe0ae493b5f8deb510802a93fdbad596fe883,7635,1
2017-09-27__api-fast__schema_guided,hurricane-maria-2017,2017-09-27,api-fast,deepseek-v4-flash,schema_guided,400,2026-08-31T06:51:35+00:00,068a263f7bf5403819a2989ae193e661212dc643455d3acc76739152eb0f386e,490f5b379162e1e047501601f327be65e577ca8a7ef49d9c5caf1266bad3b5cf,20091,1
2017-09-27__api-strong__generic,hurricane-maria-2017,2017-09-27,api-strong,deepseek-v4-pro,generic,400,2026-08-31T06:51:35+00:00,4375bb5c26cd87c39d0f77c27d8854205bea2141ae2cfeaaf592cb1603d9ae59,93cebfc55e43886cd512897b459e22af2de2620cb65fd983c18d250defc6835a,8872,1
2017-09-27__api-strong__schema_guided,hurricane-maria-2017,2017-09-27,api-strong,deepseek-v4-pro,schema_guided,400,2026-08-31T06:51:35+00:00,2ce54bf24a45708bcba4d1b727b6669e6d6a52a22f589707a30a77d97bf1ef58,a1900013def8234e40a99a9fabc1d69313c9912a6e80172e40fe6be0c27f8b15,12764,1
2017-09-28__api-fast__generic,hurricane-maria-2017,2017-09-28,api-fast,deepseek-v4-flash,generic,400,2026-08-31T06:51:35+00:00,4e5626a7deec015a1470c550cc7108c3048a595a08af7facf6c292b9f66dc8df,bebff13a9ddc5dc011eac9716cfba608f175dcb4e58fb11f4f0d92383277c3a9,7386,1
2017-09-28__api-fast__schema_guided,hurricane-maria-2017,2017-09-28,api-fast,deepseek-v4-flash,schema_guided,400,2026-08-31T06:51:35+00:00,bc18d73f947bb46a5c7ef0673b36608ef49485d9b4bce4bd654b90ab3892c1fd,a1b8cb478fb6efce7981ae8446912b42c433fec07bcc2af24e02f0789eaed35f,22287,1
2017-09-28__api-strong__generic,hurricane-maria-2017,2017-09-28,api-strong,deepseek-v4-pro,generic,400,2026-08-31T06:51:35+00:00,f80095e4688af0f88b7d89cab72a3bc64c691f0b70611ac5849aa40ad99862c5,bf7fe847841e64a559825bf3ac7a1b804442879c36e888bbc1d39f194e400e39,9431,1
2017-09-28__api-strong__schema_guided,hurricane-maria-2017,2017-09-28,api-strong,deepseek-v4-pro,schema_guided,400,2026-08-31T06:51:35+00:00,dfa0e44fc6836a387bf3258720dffa3127e8cd455ece87a3851511d67393d4e9,c0f80c04c3958cf9514eda1709f355f080ad504a84e769eb2a41bf860bd65f31,18503,1
2017-09-29__api-fast__generic,hurricane-maria-2017,2017-09-29,api-fast,deepseek-v4-flash,generic,400,2026-08-31T06:51:35+00:00,d5a2a3853c3dcdb05020e0ff7936ad3622bf2e15eff253878f85cdddaad96da6,e747ce373d3937c98ddf5f57f6c3ac9c9cec9c9bfe4ea29e115796b32369c6f6,14791,1
2017-09-29__api-fast__schema_guided,hurricane-maria-2017,2017-09-29,api-fast,deepseek-v4-flash,schema_guided,400,2026-08-31T06:51:35+00:00,8be86a7613bb669a7ac109ceea9d0ce3a0c3eadd6668997048ba04d1090398e2,f54f959bfcd1f322fc553f1cfd88eca7a90eee414cd7d4c0037365f498cc46e4,17841,1
2017-09-29__api-strong__generic,hurricane-maria-2017,2017-09-29,api-strong,deepseek-v4-pro,generic,400,2026-08-31T06:51:35+00:00,8aca882c76eece1057d64930e4443a57e540a593570030da9c9af9d90f4d107f,24dffddbe5dadc4c1e57453394dce06976b085dea35ecc189f7973fd8de64a17,8211,1
2017-09-29__api-strong__schema_guided,hurricane-maria-2017,2017-09-29,api-strong,deepseek-v4-pro,schema_guided,400,2026-08-31T06:51:35+00:00,71cdca6d74392f87ea9e106fa3dff6ebfdcc33eb47afd7c8e0830741c15796f6,2f58e90cef8e9eeabb3d1683a1171400ac83c257f85a142415a588013e88f576,16774,1
2017-09-30__api-fast__generic,hurricane-maria-2017,2017-09-30,api-fast,deepseek-v4-flash,generic,400,2026-08-31T06:51:35+00:00,9572ed3e1460656b4a8f5217b453ba3f250b74c1c3c8cd1881a54e871e1903ec,98f74ad4e27541b023334d5ef046233794821aa6b5041503ad9f5ff05ecc0f31,6873,1
2017-09-30__api-fast__schema_guided,hurricane-maria-2017,2017-09-30,api-fast,deepseek-v4-flash,schema_guided,400,2026-08-31T06:51:35+00:00,214858c44b3fb43c0caa0b4ca2eede01720e2c0ace525b18dcd24636084a7a27,e3df291743b56660cbe44b8d6e2a2c507b0a50907d7273409744a95d7e7b570a,17624,1
2017-09-30__api-strong__generic,hurricane-maria-2017,2017-09-30,api-strong,deepseek-v4-pro,generic,400,2026-08-31T06:51:35+00:00,2407701e765987d3cbc41a954eb391b692b70eed9ea7594e30dd31935c97fcce,516cc15e9cd80974b21b081f056721e64e3a091cbba9b118cdcc24d304e3d4fa,9429,1
2017-09-30__api-strong__schema_guided,hurricane-maria-2017,2017-09-30,api-strong,deepseek-v4-pro,schema_guided,400,2026-08-31T06:51:35+00:00,f95015ca62a4b29021cd672e295daf01f1980407072781b197d6a1acfa4c0972,189a318d88650098ab6390a0d5b78e8becab2b5d842b7adfd3d29d3b5f6b6b2b,18571,1
2017-10-01__api-fast__generic,hurricane-maria-2017,2017-10-01,api-fast,deepseek-v4-flash,generic,400,2026-08-31T06:51:35+00:00,baf0ec5e1f58f22e37cd190e9274f6381acfd9a5004861ea90f56c15cb8a640d,cf5f86b61eea585a6f634e74990006a297f8502d9ccfd457eb51d0ad82121560,11462,1
2017-10-01__api-fast__schema_guided,hurricane-maria-2017,2017-10-01,api-fast,deepseek-v4-flash,schema_guided,400,2026-08-31T06:51:35+00:00,292839255e637db1f051f47dd6c9643e50c27ed60c88d3554b9003d367364d85,6c1e8eb00099b8f0c641c9d0070f3b091198273a66ea3fb998d1bb5548eb5bdb,18188,1
2017-10-01__api-strong__generic,hurricane-maria-2017,2017-10-01,api-strong,deepseek-v4-pro,generic,400,2026-08-31T06:51:35+00:00,e690b2b409c0f4d4623812ab8ca11b56aa114cc3699edf6c65c8884cdf1c2c1b,68606a7fb9614ce38834445a04c4222da9bf01f4f3312bb05b82c29eba6872b2,8291,1
2017-10-01__api-strong__schema_guided,hurricane-maria-2017,2017-10-01,api-strong,deepseek-v4-pro,schema_guided,400,2026-08-31T06:51:35+00:00,107c75337887a3989dadd422f76f33cb26694d053560c77a355a61be061614ae,f9aa5465578b4208f958cf09ddbb1e51efcee36dda9c3118f3690750ed706d64,15094,1
2017-10-02__api-fast__generic,hurricane-maria-2017,2017-10-02,api-fast,deepseek-v4-flash,generic,400,2026-08-31T06:51:35+00:00,754a580f564c3e9a15757648001d682805bc07508ceab728c1da0f2675be9123,49ef91337409593b03f34e49e03d68d4d836257df81edb868d2809cd715bf190,10947,1
2017-10-02__api-fast__schema_guided,hurricane-maria-2017,2017-10-02,api-fast,deepseek-v4-flash,schema_guided,400,2026-08-31T06:51:35+00:00,e193156e7195485f7f67a6e47f80560ff28a614cbc105e6eb2fe90142fc9ce49,b3aa38267817d4960bcf9cdd98efb73a31215f9f9a88fcaec69fa352e0c57cf9,22224,1
2017-10-02__api-strong__generic,hurricane-maria-2017,2017-10-02,api-strong,deepseek-v4-pro,generic,400,2026-08-31T06:51:35+00:00,093745cd560f4706d347c1ff0e2a671ff2b1abe5cd25e2ea6ff15e0720b3b842,ac75bd06221f3aedbd91f95c4ab9bce328c68be74d674ccda234e27d433e619e,8268,1
2017-10-02__api-strong__schema_guided,hurricane-maria-2017,2017-10-02,api-strong,deepseek-v4-pro,schema_guided,400,2026-08-31T06:51:35+00:00,4586dbcdbb2dd1818d170b16c2712bb832580548bb89a6402f5ba82413645ff1,f8aa4648fc606dbf370029ac7ffc49833b3d7f1b8a24f9a1b6694d0b8ed288d7,18592,1
2017-09-20__api-fast__generic,puebla-mexico-earthquake-2017,2017-09-20,api-fast,deepseek-v4-flash,generic,400,2026-08-31T10:54:32+00:00,37258160b24d1940fe8f76bbeff5c4705351d956e4d6e0e9cf8d82dec159fe9c,4c9de407d4d0aeb75d2c38f8d14eca3da6b400b05c40cbfbd0975b23706e6a95,6295,1
2017-09-20__api-fast__schema_guided,puebla-mexico-earthquake-2017,2017-09-20,api-fast,deepseek-v4-flash,schema_guided,400,2026-08-31T10:54:32+00:00,765e38fbbf54bad510f63599016db3d38e3ca797ab1d34ebe43041c9284376b4,30ead5b6850ea8072347c3fe2ef5021f579fa4da2a4f36a90449dbe75769fd23,10895,1
2017-09-20__api-strong__generic,puebla-mexico-earthquake-2017,2017-09-20,api-strong,deepseek-v4-pro,generic,400,2026-08-31T10:54:32+00:00,ebd1d924087ecf10281cc8229dfa0620ad53e343d7c7c00c9f23e16061051d58,ca7722d367218bf8997914d8a1ad4843a8445fb0c20859d3d5c87b2fbf4f367b,5373,1
2017-09-20__api-strong__schema_guided,puebla-mexico-earthquake-2017,2017-09-20,api-strong,deepseek-v4-pro,schema_guided,400,2026-08-31T10:54:32+00:00,b5cde283645821ba99d459d69c7e6e93466955e2ddb026bd6f6fe77b5700b9bb,924514097e95bee5dac04aa550bec1100f2da5432bcea97a909f016f539c5781,8435,1
2017-09-21__api-fast__generic,puebla-mexico-earthquake-2017,2017-09-21,api-fast,deepseek-v4-flash,generic,400,2026-08-31T10:54:32+00:00,bb95a10349a459c95b4b0d5ff1d4e5a69ee15c7346dcd375d8038917fccf666a,e2459a8606a50c5f0cefe70e54b66638be66b0b59a6d5e4a5d0172d2f1f13ec0,9928,1
2017-09-21__api-fast__schema_guided,puebla-mexico-earthquake-2017,2017-09-21,api-fast,deepseek-v4-flash,schema_guided,400,2026-08-31T10:54:32+00:00,f77bfff22302d35997b89bb9417bf9e8002af2d3303037dd0625dfc2c43eac61,92fa51ae6822e456f477c695b02b9de52e46fa669a7c48ac870c11801c351cab,11437,1
2017-09-21__api-strong__generic,puebla-mexico-earthquake-2017,2017-09-21,api-strong,deepseek-v4-pro,generic,400,2026-08-31T10:54:32+00:00,cee279a084ee1db8b843d3e195da64114f01a97da71deb32f4aa7db669f9ed82,80c686e53d25ed77a3d78f49020efd7e59eaf7b60cdda80e01ebd5d39003842e,7199,1
2017-09-21__api-strong__schema_guided,puebla-mexico-earthquake-2017,2017-09-21,api-strong,deepseek-v4-pro,schema_guided,400,2026-08-31T10:54:32+00:00,2e7a205558db48af522164433bea211653648b8707f3930cd579d340ccbf8f51,33830e2da57eb7bb52f2b3405c0ece18929ba99821932f12649387b383ecb698,8369,1
2017-09-23__api-fast__generic,puebla-mexico-earthquake-2017,2017-09-23,api-fast,deepseek-v4-flash,generic,176,2026-08-31T10:54:32+00:00,39a58daf8519a30cfd191bf64f042cffd6e7cc0065f724acf32234382556761d,dcef272be9d24d41dc1a5d492c7e050328d8febe8c2bc9de8f426a7694fc789e,3784,1
2017-09-23__api-fast__schema_guided,puebla-mexico-earthquake-2017,2017-09-23,api-fast,deepseek-v4-flash,schema_guided,176,2026-08-31T10:54:32+00:00,d616437a3c70ba370c8db9c622593f7602b12addd62e1f4dacf499f1589f89d0,efaa882c2ad2b6bbd28b42408c6f015040901f7f60999b76599fe9223f82b7b8,10848,1
2017-09-23__api-strong__generic,puebla-mexico-earthquake-2017,2017-09-23,api-strong,deepseek-v4-pro,generic,176,2026-08-31T10:54:32+00:00,c946ed86489b65c9e7b782d3e778c2c07a056338a5d08e84302e2595c71444d5,cab915cdfcef10f5293823cf6b103fc2b178188e39113b1b27e46151c9cf0541,6893,1
2017-09-23__api-strong__schema_guided,puebla-mexico-earthquake-2017,2017-09-23,api-strong,deepseek-v4-pro,schema_guided,176,2026-08-31T10:54:32+00:00,fb4e9601a1518609392a6a236b67fde8fc4ca6ca8a7050e012567b3670f5c1c8,406b7e14b84fd3c801b229f9e845a4c53911456b0aa36db164631e0b08f0812b,9779,1
2017-09-24__api-fast__generic,puebla-mexico-earthquake-2017,2017-09-24,api-fast,deepseek-v4-flash,generic,213,2026-08-31T10:54:32+00:00,601a618fcecb3b64eebf3c879898f6648ed8bf62c2b35b39f5b4a04b0deee6d3,829798e9198552b0538cc1ac30e487fbaeafd598820b7f17430e3e2b534c069b,8693,1
2017-09-24__api-fast__schema_guided,puebla-mexico-earthquake-2017,2017-09-24,api-fast,deepseek-v4-flash,schema_guided,213,2026-08-31T10:54:32+00:00,b4d6eb7f49f6f7701141311d2496fdd54f2b01d6f848067df169369b1401fe91,f8d7e041c5e163eebc50731fa475034dc3fafb4291c8944b7480629d5014a1f8,8392,1
2017-09-24__api-strong__generic,puebla-mexico-earthquake-2017,2017-09-24,api-strong,deepseek-v4-pro,generic,213,2026-08-31T10:54:32+00:00,a6b31a5b65c7449b42fc7cfa20d380c6f1196eb26db5874166a92b86a235c99b,98c35dd5107e0ab120f4f829ee70cad0f6c8017c548de663f9119f17d127ae7a,5832,1
2017-09-24__api-strong__schema_guided,puebla-mexico-earthquake-2017,2017-09-24,api-strong,deepseek-v4-pro,schema_guided,213,2026-08-31T10:54:32+00:00,837a55bb7bcac2d2a357f689d14d8d6ea23056bb28b7d9b145ad036d52145527,313c7b75c7bf763332741743dc437fca09a712be2eaff0c35266521e8c555275,9337,1
2017-09-25__api-fast__generic,puebla-mexico-earthquake-2017,2017-09-25,api-fast,deepseek-v4-flash,generic,199,2026-08-31T10:54:32+00:00,31b5c9e49dfb7995639d3d8f9c7dc2fb31996ce83b09c0292963b1e62e856681,170b47c7d64d14ff918f629fbb724f567b8a17317ec175839fce928f259b97b7,8956,1
2017-09-25__api-fast__schema_guided,puebla-mexico-earthquake-2017,2017-09-25,api-fast,deepseek-v4-flash,schema_guided,199,2026-08-31T10:54:32+00:00,1192cd79412bbc1d22ef57452a51446927dcfa1f6dd80d7fa6a8b7a7fb20fe58,1e88d87ce2a5a0667e2b501a227313de9eda349f5a72aec29c7edf7c0a6d3294,10135,1
2017-09-25__api-strong__generic,puebla-mexico-earthquake-2017,2017-09-25,api-strong,deepseek-v4-pro,generic,199,2026-08-31T10:54:32+00:00,b4e1741ef7fcdb1a18b1f95d04b205c8a396224ac3134bc7f8f1f7a19737c68f,f6da24449e645cc9c48fadad55ae2c89fe47a4d8e7caa6072d8caf70e74f657d,6292,1
2017-09-25__api-strong__schema_guided,puebla-mexico-earthquake-2017,2017-09-25,api-strong,deepseek-v4-pro,schema_guided,199,2026-08-31T10:54:32+00:00,2010e07659315e9b2c5b2e2da267627f6939fff3b334cc8f2f138ab0f6ea4eb3,c86a61859967ebc0ea6b174c6915ce743074ae01327ae8b7256212fb612a11ae,8865,1
2017-09-27__api-fast__generic,puebla-mexico-earthquake-2017,2017-09-27,api-fast,deepseek-v4-flash,generic,66,2026-08-31T10:54:32+00:00,382f3da33f260a560b19d9db388a84222d940f174dc4f1d90a9f9bc7e6046680,cd1a53f1d70a1a9a5e2288d58d5cd3d9f15fab33d2b7da93823bff8e296c93d2,6139,1
2017-09-27__api-fast__schema_guided,puebla-mexico-earthquake-2017,2017-09-27,api-fast,deepseek-v4-flash,schema_guided,66,2026-08-31T10:54:32+00:00,df5abf931f43caa5366708b614ad70ea148abc1e3da0553214b8ad3ec4af0dd4,87928fc718a806384442c7b5f7622e1afa685523a2847ca09e403537f7345539,6106,1
2017-09-27__api-strong__generic,puebla-mexico-earthquake-2017,2017-09-27,api-strong,deepseek-v4-pro,generic,66,2026-08-31T10:54:32+00:00,a7ab68a8acee50e54af406abb00c503099009f2926c5ca0e870587708cdd290c,2d20327749811512ece6b1f820e877f283d9872ba0508a03bf930111c96107fe,5179,1
2017-09-27__api-strong__schema_guided,puebla-mexico-earthquake-2017,2017-09-27,api-strong,deepseek-v4-pro,schema_guided,66,2026-08-31T10:54:32+00:00,27a6ed8be0be574f4281e6e84568415a641612abbccce9d79fb1258fd9d93e5e,f3e085e70a631856ae29d1863dee5ec2871b05a8260aaf4d134b12961f6805d0,4566,1
2017-09-28__api-fast__generic,puebla-mexico-earthquake-2017,2017-09-28,api-fast,deepseek-v4-flash,generic,75,2026-08-31T10:54:32+00:00,0751e172dc4b41015b05c6a29db795dabb4259d80ef50a27c7231a64d689afd4,907ac1a998640be4941a5a0857044d32877daec135817ead2ec8e527b480ebc8,5387,1
2017-09-28__api-fast__schema_guided,puebla-mexico-earthquake-2017,2017-09-28,api-fast,deepseek-v4-flash,schema_guided,75,2026-08-31T10:54:32+00:00,2197cab1286984423949a73942148d99d3957719cd780bc51addfa29ea1caa36,b7f74e4e710ec3f47c8f270aaffb342070ac70571429d0e66a3eb7eaa7481ab2,7514,1
2017-09-28__api-strong__generic,puebla-mexico-earthquake-2017,2017-09-28,api-strong,deepseek-v4-pro,generic,75,2026-08-31T10:54:32+00:00,970a50d875a0befb173cb0a6d12aca8df972f582b6376827cab5bc71ca4b9768,52de00a6e6965d33f6b5c8a0d7db907920b9927a3051512601b2634cf12f79ed,5255,1
2017-09-28__api-strong__schema_guided,puebla-mexico-earthquake-2017,2017-09-28,api-strong,deepseek-v4-pro,schema_guided,75,2026-08-31T10:54:32+00:00,14bcd9fb87f05d148f2e6ddeee71e87f59fb17b073e011ec7f8d3eb876dbbd1f,31bdfd5c0a32421df929bee7cbbc4596e8cea42350796658d3a1365c659f8da7,6586,1
2017-09-29__api-fast__generic,puebla-mexico-earthquake-2017,2017-09-29,api-fast,deepseek-v4-flash,generic,54,2026-08-31T10:54:32+00:00,2ceed08070e464fddf7a099fbb16ecbe1f1006d787ab33117c982ecebb560745,df08b80c31286d7de32736bb4983ab89286f7e8f4f372e260b819543e7f357a3,3681,1
2017-09-29__api-fast__schema_guided,puebla-mexico-earthquake-2017,2017-09-29,api-fast,deepseek-v4-flash,schema_guided,54,2026-08-31T10:54:32+00:00,f2ae6ae46aa7537d0f91c7607a3efaa1ae02834564ad97b9af3c1d8d1c1f5174,a53082e93e5bc947579f7143d356f9775f8618caf5e22969aa8e3c4a8c23f4b9,4464,1
2017-09-29__api-strong__generic,puebla-mexico-earthquake-2017,2017-09-29,api-strong,deepseek-v4-pro,generic,54,2026-08-31T10:54:32+00:00,a6d344e3d339f670aedae29921894a3456c96e85f30c329e043604ed7bdb1673,f380eb817edca1963e1d6e4518f84b4c0adf01840481b0e5628d50b0c75c4886,3951,1
2017-09-29__api-strong__schema_guided,puebla-mexico-earthquake-2017,2017-09-29,api-strong,deepseek-v4-pro,schema_guided,54,2026-08-31T10:54:32+00:00,56274cdc4d707826a9321bf42d79d45f97ab3c9479a250d7757844a5dc1e4eda,e4bd786c3eefc25559604cefb289edc513da4210fcf2cc38acdd0a91d479e579,5978,1
2017-09-30__api-fast__generic,puebla-mexico-earthquake-2017,2017-09-30,api-fast,deepseek-v4-flash,generic,50,2026-08-31T10:54:32+00:00,d65b1ea7ce9ed5322b6fb09b12c33a9c4cebf2a097b831e11860b9598a79a1e0,ce9d2b85f05066cad59fcc2d7b3bd51e5794bca064f32535ee80300e7c88ce10,6229,1
2017-09-30__api-fast__schema_guided,puebla-mexico-earthquake-2017,2017-09-30,api-fast,deepseek-v4-flash,schema_guided,50,2026-08-31T10:54:32+00:00,80d917870ec97b840f3b8e9b85889a28169468e426c19be24c4a0abde048ad1b,810d33e1e9d0041a9eea98900205adfca82646acb8e49dd3c4ade0b287a43609,7933,1
2017-09-30__api-strong__generic,puebla-mexico-earthquake-2017,2017-09-30,api-strong,deepseek-v4-pro,generic,50,2026-08-31T10:54:32+00:00,3143e82cd8197fc00a7524d7c792467f34168bdddfd9b338fb284ca5b8b5fd3c,5852a1da431a1241c3810266850a3ba09721054f1b48565d747d344d9dc117a3,2988,1
2017-09-30__api-strong__schema_guided,puebla-mexico-earthquake-2017,2017-09-30,api-strong,deepseek-v4-pro,schema_guided,50,2026-08-31T10:54:32+00:00,a961714d818ffc3bc210ba9be7e7790853c09db8ed9f0b65726f67ab1476446e,f1006a2a878bbd7be7f0063f714ad7f50ec8394f07c7c2508e96c4286d43a219,5438,1
2017-10-01__api-fast__generic,puebla-mexico-earthquake-2017,2017-10-01,api-fast,deepseek-v4-flash,generic,41,2026-08-31T10:54:32+00:00,e50d5d2223518dc94647e16a9b9692b8d71fc6baf806291043309385f4f960d0,ff87d7e0f341133ffdecf9d7b95e13e6a8e00124dd74cb18814dc38b0bfa4d2f,3959,1
2017-10-01__api-fast__schema_guided,puebla-mexico-earthquake-2017,2017-10-01,api-fast,deepseek-v4-flash,schema_guided,41,2026-08-31T10:54:32+00:00,ce6380acb0b5ec5ed7e902af1cf6f15ecbbf874390a7c8bf54c85bb3cd945653,42da53656c72915dcb14d9b6a08ccdeb6ed17f705919355909cb1fbd8120fdb8,4759,1
2017-10-01__api-strong__generic,puebla-mexico-earthquake-2017,2017-10-01,api-strong,deepseek-v4-pro,generic,41,2026-08-31T10:54:32+00:00,18dea82854bce58e88f19165fc6db49ea487477d4d66aa4fd66369a6ace7bff0,1703e4f75f2279ce20bef4e51d8509054c949eef49acb94a28b498e40340518a,3561,1
2017-10-01__api-strong__schema_guided,puebla-mexico-earthquake-2017,2017-10-01,api-strong,deepseek-v4-pro,schema_guided,41,2026-08-31T10:54:32+00:00,32adddf0c02ec76a3a322fcc05af20f610dd083fdda2342daaa6f080404b826e,e38d95823cc9e8468b44b713b1ade5ce581f1e7277dc21e49e80bf9c90baf569,4416,1
2017-10-02__api-fast__generic,puebla-mexico-earthquake-2017,2017-10-02,api-fast,deepseek-v4-flash,generic,44,2026-08-31T10:54:32+00:00,5f975904a1fe02b93e5b4966be81b536326a635fa31f50f0e49caea1afdd854d,9c9a68239dc4963d319a91a976ea559450eff7cfb14085c889375ec152d16a24,4582,1
2017-10-02__api-fast__schema_guided,puebla-mexico-earthquake-2017,2017-10-02,api-fast,deepseek-v4-flash,schema_guided,44,2026-08-31T10:54:32+00:00,7488cc355a807ab9638ddb62e064c9e75ef55d0942850f285bbd445cc7417107,94530f5eab5d715ff9128210d6cbea6908049a29bf9201cdc8de7999fd520af6,5556,1
2017-10-02__api-strong__generic,puebla-mexico-earthquake-2017,2017-10-02,api-strong,deepseek-v4-pro,generic,44,2026-08-31T10:54:32+00:00,5e642ba3ea85cb7ae06986429ca78214e671a8b66b70bafd940b4e80a8bf5076,9c47c46ef8d617db101cfa7a1f34a1d29ab70995bfde750121dd2f62e89ea4f2,4717,1
2017-10-02__api-strong__schema_guided,puebla-mexico-earthquake-2017,2017-10-02,api-strong,deepseek-v4-pro,schema_guided,44,2026-08-31T10:54:32+00:00,d59878f631f4892b55f50719dbf9aabcec9a46254f94cc641cc5e48a460a1177,e3bd2f9f7d923c63624e01bd39f8af8965f972ef64f4d5cf4dabb6700be5652d,4514,1
2017-10-03__api-fast__generic,puebla-mexico-earthquake-2017,2017-10-03,api-fast,deepseek-v4-flash,generic,33,2026-08-31T10:54:32+00:00,bb4437caca89e3a4ee6e76582e35f6ca8b2c8c32c4c006b03051c09c17e25f85,de389748d7d68ae267f7b87c234a4452c1ed0444b223665f0a4cb7479ed4cf8f,4175,1
2017-10-03__api-fast__schema_guided,puebla-mexico-earthquake-2017,2017-10-03,api-fast,deepseek-v4-flash,schema_guided,33,2026-08-31T10:54:32+00:00,3fbc14d5fe118dd532f59ea28f7bd18ec1748f9ddd6a829bd2adc5ee4465a0c0,4d0187725fd3a3f2416c4f00b1e187be5ca0138cae4b50199556739c834e3dbd,5507,1
2017-10-03__api-strong__generic,puebla-mexico-earthquake-2017,2017-10-03,api-strong,deepseek-v4-pro,generic,33,2026-08-31T10:54:32+00:00,f858187d06cf5e2a6914cf221d8244637ceb81b385316ab786df4a823d58bc25,00d63fe42a4bb4d7dd6c6d24b7332ed0094fdfc0292443a9c8f98e89d62c834e,2118,1
2017-10-03__api-strong__schema_guided,puebla-mexico-earthquake-2017,2017-10-03,api-strong,deepseek-v4-pro,schema_guided,33,2026-08-31T10:54:32+00:00,e38b46892b6d8ed922fd2147e870e9cad672c9de897d50701cda97f49e499b40,4727e995907dd224e976e7ed9bca64575593d80412d820b28dff7750777aad7c,3078,1
2018-08-17__api-fast__generic,kerala-floods-2018,2018-08-17,api-fast,deepseek-v4-flash,generic,400,2026-08-31T11:58:59+00:00,e5a9b550b8b4c74dcf7fd5eb8f74a1148ba0a2bc4ee53c8a61000e6f0a13706a,ad80a3f6ea3a27292adbcdd212d4afed812c205481faaec529905743833421d4,12204,1
2018-08-17__api-fast__schema_guided,kerala-floods-2018,2018-08-17,api-fast,deepseek-v4-flash,schema_guided,400,2026-08-31T11:58:59+00:00,22428cf1c798abd6f9e6bd256965d25851e3bb1c6ff1a9855afb9e2058d04ad0,9f0061015124886b5a7d66a7c4b752dc0d328cf3bc1469aceebd4f7969be1e69,19439,1
2018-08-17__api-strong__generic,kerala-floods-2018,2018-08-17,api-strong,deepseek-v4-pro,generic,400,2026-08-31T11:58:59+00:00,6c628a5fcd4ce116a759a7419a7c0f04fa5ac36e0cedc4812a82bf8453a0c5fc,58150d14fbe445b3d6cc5a191e1e35e39db61d95b491cb9286c46b185346bdd2,15620,1
2018-08-17__api-strong__schema_guided,kerala-floods-2018,2018-08-17,api-strong,deepseek-v4-pro,schema_guided,400,2026-08-31T11:58:59+00:00,51c856d87ca6eb569465e41bde86f3a4a14780127cf2f9d94796f62afe0b108a,eece951db4a9f32d314dd12b864ed104c75bf8ed76168e2f77e10ec3cf77e43e,29919,1
2018-08-18__api-fast__generic,kerala-floods-2018,2018-08-18,api-fast,deepseek-v4-flash,generic,400,2026-08-31T11:58:59+00:00,190b8423416256ae427fa1d666b9db1278ebdb14b316a6182fccc7ab5d772e6d,72de319c003eed66ff1cb40f80ae1d463eecf1f9fa489c9ac07f8ea4fb877a18,10171,1
2018-08-18__api-fast__schema_guided,kerala-floods-2018,2018-08-18,api-fast,deepseek-v4-flash,schema_guided,400,2026-08-31T11:58:59+00:00,359a9b7fef727ecfc8b4fdf47a9b5a5868a70ab06ed1dd2ae1758ae479c30d43,f21ebd77800f0899d35876058dc83cbe1edd6ee688063faa6522521da7e88497,14881,1
2018-08-18__api-strong__generic,kerala-floods-2018,2018-08-18,api-strong,deepseek-v4-pro,generic,400,2026-08-31T11:58:59+00:00,e093bf4bed186ab3833c2198cfe24ba745b5abaf544ee3668f0ccd73827c7126,9f321a77035641c9a7507eba6c865322bb086c173403e7dbe128d2f798d554cc,11554,1
2018-08-18__api-strong__schema_guided,kerala-floods-2018,2018-08-18,api-strong,deepseek-v4-pro,schema_guided,400,2026-08-31T11:58:59+00:00,26d50a7fe23391ba8016e646e4bcd2a196324f90c156de9716ff354be1e8e53d,d4afc318f4cdbac78651511829eb640fa86d93cae6fbaab231ab8e56ada2784c,16602,1
2018-08-19__api-fast__generic,kerala-floods-2018,2018-08-19,api-fast,deepseek-v4-flash,generic,400,2026-08-31T11:58:59+00:00,53ad3e4b136481ea6b25ec893b6436e174eabc2f1d13791d5310eb0a337623e1,26dd425cde58ccdc7cdc6ceda5f3cfb4d6f328e9c0b33956c13a2117887b2072,9604,1
2018-08-19__api-fast__schema_guided,kerala-floods-2018,2018-08-19,api-fast,deepseek-v4-flash,schema_guided,400,2026-08-31T11:58:59+00:00,b55c6e097aca936a0e708eec9877ccdb6857d19c19daf51a7edd4840b7e5d7b5,be832f68b7e9782152664386c07478b91c8e8a3e778d2c0a250dafa083df78a1,15986,1
2018-08-19__api-strong__generic,kerala-floods-2018,2018-08-19,api-strong,deepseek-v4-pro,generic,400,2026-08-31T11:58:59+00:00,dd9d052c245eebb30f3d2c7f16f3f383087ba3fb080b36d73008f66981093cd9,d330c210b22396ef40dc72f9b2f00eaa3c605c0de0b082cb1dfb82ed8be9e0e8,16758,1
2018-08-19__api-strong__schema_guided,kerala-floods-2018,2018-08-19,api-strong,deepseek-v4-pro,schema_guided,400,2026-08-31T11:58:59+00:00,efdf91d55fbbc3b0783bbb57d243373ae6f56b9fcd62abd15fb1bbbff62b1b18,00ee66a6f3a2019d06dfc33c205db362a0d5dd01b68aa69bb2b01d8aed16ab7b,19910,1
2018-08-20__api-fast__generic,kerala-floods-2018,2018-08-20,api-fast,deepseek-v4-flash,generic,400,2026-08-31T11:58:59+00:00,bfc22ccb529433c0bc2d40de817776e070d2964b205f6e6a6e50e961d4576d95,9bf45e316259aa4199aa842cf049732c40193e531398f70fac61bb8b52fabf5e,8864,1
2018-08-20__api-fast__schema_guided,kerala-floods-2018,2018-08-20,api-fast,deepseek-v4-flash,schema_guided,400,2026-08-31T11:58:59+00:00,ae2643ac3966d0e0c971c5ac40cd29915b1154dace9615718cffad0708530d53,81b104c7a3b7700b5785c1d3eb67eb5baaca58cc549a75c85a1b373c2cee7bdc,20728,1
2018-08-20__api-strong__generic,kerala-floods-2018,2018-08-20,api-strong,deepseek-v4-pro,generic,400,2026-08-31T11:58:59+00:00,6f6b5caf1070a468274f9a20463781830fb633743241c962735599e23d217262,f74ef2861e0ecf071ca9ebc8c17dc31a31409b8379866fd188d0f87671698fb2,16373,1
2018-08-20__api-strong__schema_guided,kerala-floods-2018,2018-08-20,api-strong,deepseek-v4-pro,schema_guided,400,2026-08-31T11:58:59+00:00,b2300c6c96151934e16261fa2c3302158a0e0ca2406b9057eeea679e82d95071,53fb6367a81a80cdd50ddc5082d138390b67970b99531e1462237237a5ef17db,23404,1
2018-08-21__api-fast__generic,kerala-floods-2018,2018-08-21,api-fast,deepseek-v4-flash,generic,373,2026-08-31T11:58:59+00:00,5d8a08a6eb864a7eabfedf1faa7c33415c19a99e5fe86d557c770e4cc367e651,566966db4332817fb9540be288a7b803927703c08d1818f97cc5d49e414604eb,12297,1
2018-08-21__api-fast__schema_guided,kerala-floods-2018,2018-08-21,api-fast,deepseek-v4-flash,schema_guided,373,2026-08-31T11:58:59+00:00,39334de5adc483c1205382ae01a4cd2e05b15f320390d12f266f28a02c7484ee,319bb1365feec1e41faf4ca64080dee84559b1629e010b1ab307935e32bb7094,30824,1
2018-08-21__api-strong__generic,kerala-floods-2018,2018-08-21,api-strong,deepseek-v4-pro,generic,373,2026-08-31T11:58:59+00:00,9f44e3c00a33a4045ed3b72643db9cc388cf562900d86aab49d38a066b3d7855,bda6857d95e7f10454276bc22d7efa0d4ae6be52d9c30716023ad5e8741810a9,15600,1
2018-08-21__api-strong__schema_guided,kerala-floods-2018,2018-08-21,api-strong,deepseek-v4-pro,schema_guided,373,2026-08-31T11:58:59+00:00,edcdec9c16ae00bd2344f2f54ea3db79dbad0fb2b1d4a1431a8dfea76b7a2faf,49fc660862656353dfee1ea9cac69934cc9bf6804466307a4964bf7c535fb37b,26925,1
