sample_id,stratum,event,day,unit,normalized_value,subject_context_sha256,candidate_context_sha256s,manual_label
A01,stream_absent,cyclone-idai-2019,2019-04-11,count,803125.0,428a4abdff05858f0e2f9ec2e76943d711d09ccb0cd4334d59a8de8e098b48e8,59cbe3bba935d669cd63a87b39a796aee865d1c356b01034a61283b33e0c8c0a;21e3ec9118bb3252c1bfbe94855ebebd2aac6f9d06af033156ef408885f2c503;de31abf77a9eec80cfabac2faa9dc783f06e6fab368150908abb9f16c41aac70,missed_rounded_equivalent
A02,stream_absent,cyclone-idai-2019,2019-04-10,count,144.0,fe9f4fb1f643ed0b34618cca95af8b7e956ffcaf532ef2137838d3499f51a94f,e867b979a8326efd29b70e45ab352d6f5456906393015a9fb1a51e745a7b4c23;1f031cde6422e64bb71e41c1427c359dea10418aca65ee38b4c7d9dd4470ea6d;e2ea6bbff9d6bba0284d92cdbc3c31d5fc0b29429b9e00d9bb28870eb957f338,confirmed_absent
A03,stream_absent,hurricane-irma-2017,2017-09-10,percent,5.82,e9268e3912adc1aceb37276c97e7d52a85d4a012dce65e5896e6235ee3da5f2a,85c912775f98b76f98ed0814bbf4844946295ad5f831f2216ef23879e88edfc0;77631efc822ee6647ac71ac73d0886b9910a03243bea27a7f3764a7ac648653b;5fb74c1d9945aaa0ce655c25672a6792113e5c35f9293a13824cca00a8e70784,confirmed_absent
A04,stream_absent,cyclone-idai-2019,2019-04-04,count,5750.0,0f0254db6ba3f960f54d5c72f6c48670752b5f48e8a0f3ad81a3ddfdb11eeff4,89b7d8ff25955b22188349666d21b73c3e4836f5ddafe3e67aa729b6c7bfb19f;d537dbd4f164f0cdee435da257c30b9f7d9ab34dd538629ba11e99b76cb8b131;8be078f8f0f82cca958547558185c0f5cd4b1c8aff900d14cb16528735718e5a,confirmed_absent
A05,stream_absent,cyclone-idai-2019,2019-04-09,count,82.0,2e2f5bbf595020bcb90e35418531ad7f0a61a4f48ba997ecd32428bbb633a268,b040c44e3e0223aefd23bd9680d7974a91b20b925c853521eef397d9c0c9bbf5;21b5248f8b9e8fb575fdfdda3733980c0f7de452344182ce96f46be3304ed5a3;f6a87182b79ce4236fcf36778a75b64822b76b6afed26e8826e7f0ceaf1a6d15,confirmed_absent
A06,stream_absent,cyclone-idai-2019,2019-04-04,count,870.0,e1443d791769ad09b534604844beb6acbe65f0e9eab71521991f6bcdd854ef50,14662968419cd953dfad01d556cf4566af6cfa094f81f4ac71e95a1715e63f2a;a1d017c50411dd1bb736cd5c33b8363d0f37c66ed9582e44e35501897e40f726;613f2ab5baac73c6c44d776b435cc5f0ddb7ce9af14a680bc39deac67e5a3f04,confirmed_absent
A07,stream_absent,cyclone-idai-2019,2019-03-30,count,61.0,767c54e67f0aafa43ca935a0c337a0d82cf172943d3864c5965fa15fbf6e9d5d,9b031a8684e07cd6261e9928d842a2b34fba04189f0b65c652c40973ba004f1e;ba3bedd31229dec71dc33364310da801bc56f589f99a43835a7f45bab55e382d;0e31279652e476f227148125358bce7ea19e00864b89d02c33ff3f86d7dc3715,ocr_tokenization_error
A08,stream_absent,hurricane-irma-2017,2017-09-08,count,2370000.0,6101e717142a8fe621fc94c197b0b48dbf726aa3077163d57c175fa380730312,8bbc75fe7ede659aab334b19a96416115b9635393845bf5371f12fa2ba5a8eec;fba8ce8665a4068affa91546cc06735d2294be9b703cd2da77ccab218935f79d;bed64e55a8c44ca39e78567e78f7443cb69c8f6449d520a5056d89bf448f9b56,confirmed_absent
A09,stream_absent,hurricane-irma-2017,2017-09-07,count,10470773.0,efefd2b97e06c2541985d1206344b9ef831665a071e0e620beb5b65c0507f444,e992fa7fe8a3276f3d99d56a5fef8596f4c79af981499739e8373b0e5329baa3;aeba43df49cf59e2fea05774256fdc294c9eeb7b986dd20f2a208b3b8c5ab6cf;312f9699ce7381d303df0fe7eb3d94c79b9c3af6de7289b8570c0fa4613c41de,confirmed_absent
A10,stream_absent,hurricane-irma-2017,2017-09-07,count,9830946.0,9c1c72e25250595c96372a82073c3659f1abc8f1370d09869011e0cff143c804,8e08acf63c9ad595f0775beaa55b163ae30ba28c92861c9f822e976dd5ed527e;9c19733084c04007563e496dbf9504a20b2cd777a23c319e24a652f89d59cec4;0930d771fe0dd695ebed069bb1ec1ff6f672126f3562df3fdfd8d1ff45ad4512,confirmed_absent
A11,stream_absent,cyclone-idai-2019,2019-04-11,count,149000000.0,d50812aedea1f746aadda73b3116e938a4702a27d1f7b30e6f7631ba36202f4f,8501c5abd1472cd0db5cab438a7a873d568b828e3d2ac1123da4f8404cf7c9dd;b15acf1380331547694cc8bc9b688de4f1f827fd5dd9499a48da06acefbd1b69;de31abf77a9eec80cfabac2faa9dc783f06e6fab368150908abb9f16c41aac70,confirmed_absent
A12,stream_absent,hurricane-irma-2017,2017-09-06,count,2134.0,1ac164022c6f7204c5094a37af6c59072d2f13c90a095f303e1319c3b7e5af8c,fa67241a3ad9a36ce4f11d82e81272f06484eb4f52367c9c9e4612e3b0d0b6e9;ba23326e7c7a393adcf828e5b86617abb451edded362e8034198e50e13b5fd26;241c14d006c24e6ae0d605ffe5d574441c25456bfae8829fa60ff7aa07ad6009,confirmed_absent
A13,stream_absent,cyclone-idai-2019,2019-04-04,count,65.0,6b71492ec397ccc29f869bfe4122765082a6e5d559807a2872a5e7664918af7f,a1d017c50411dd1bb736cd5c33b8363d0f37c66ed9582e44e35501897e40f726;27e8add374b2ee521566a528502f9ca7df3274f78957b4aea3238d5c0d3d75d0;48f489a2cc1eb63b3ae1157acaf701e20b38fca210f8395d458d7a011e7304f7,confirmed_absent
A14,stream_absent,cyclone-idai-2019,2019-03-27,count,5.0,07f9f5b96603a9546f153496bb9ee1b197fffca50084c4d1551dfb71a37a9888,29d5913301f13d8a61eaf42df1f48558409d6288982691891fa1a98849a0f299;238c3ba7d2db6b2dcfb0915fdce7b763e86d62a8658ce8b5bb87e03b52f78ccb;3478eff04da2c6237fabf648eb7427045a49a75a271717a5cf6b3c3a5171a168,non_substantive_extraction
A15,stream_absent,hurricane-maria-2017,2017-10-02,count,78.0,a4c795aa3bd1092dd1137dcc5261c18eba4b5f04d1fe4eb8e27e46a96312e2c6,710f8d45a261522897ae54d0469790113c3dedea5dceb64254e1dacabfc51283;cb9a092da8f90978752c44c5c60e4f5fe72f86a5c862eacf9e012436e53adadd;1bbffbf3206d638e4533d183b427e79892a03dff8b2370e6236fd39e55eeeea5,non_substantive_extraction
A16,stream_absent,cyclone-idai-2019,2019-03-20,count,600000.0,4521537c3ed096aa5812af8147b3aff565ae5015a02eeff48a125a7d9275140a,6df0ebf78531df63082f2c32f11f911293eaabacf3d892b041d4181c1df3167f;d8dd648840ba1fa134f9ad260637690a992cc0c2e9c9bfada5c3ad80ee73f63f;c72ba4ef315767d872e3201358a3b18aa3bec33ffc1714e2d8e7de1aa1c33dd8,confirmed_absent
A17,stream_absent,cyclone-idai-2019,2019-04-03,count,26000.0,f9dde7e520b2fcf06bf520030ea3f51533ffced348c1eb58cda0fb0c7fd2dc90,6826f02c927ad76401f7aa2f86cc4dc7ea9c58b37b78622296733d416305ec68;490013105a7741639184fad8de23a817e122b5880d66d5f494ae6136e9e1b155;18da15865a4e0905b00c0c578a40da4d8096db57f969bc4ef63c5147e7b82784,confirmed_absent
A18,stream_absent,cyclone-idai-2019,2019-04-09,count,54238.0,ee3fd92c55edd2445ddb510dad11bfcf16d3122471f3b7757b2acdf5285d99f0,2ded26f1212ab9d36e6a93603a159de4b281df7ec501e57cd1557b74736331f4;c5bba42d11844f8a20d0191704870fb7e12cf4ccca6ef554653c4dc0b80abb92;b040c44e3e0223aefd23bd9680d7974a91b20b925c853521eef397d9c0c9bbf5,confirmed_absent
A19,stream_absent,hurricane-irma-2017,2017-09-13,count,1600.0,c06d19f9704f447470d1a397437ce774fa4b088033dc3ee6a51384649e32b769,8fc68ccc2396fb87af61a29956155c75b226aa6495558db2570ecbde806a00cf;842ad8f1c0e8d1fd1efc329d56f4a949f3a638056239170144b930a4cff33e88;ce67a06fef1a9ecdfb5c81f9708bb5b028850a93838a367efd7f4a843c5c3c06,confirmed_absent
A20,stream_absent,hurricane-irma-2017,2017-09-08,count,28000.0,8c3b65fdc869833e833e4358f12631d789ddd1adfccb1c4ac0f43edd8cceb01d,cd36a436ebe698d9cd456e661ee292c05bab3edf666ff5c99c36459b10f3bd66;2f8e5c9633b725b57be4d263f10040933c9194ce4ca419b61ef26b2d5b73495b;e0f4d58445f9fda0a9fa51cb5ef9cb7896827f42dd1fd826ce2e1daf7bb817f8,confirmed_absent
A21,stream_absent,cyclone-idai-2019,2019-04-10,count,1023.0,062b460694434cae2dd782f8b570dc1be54b79698576c30bbe4782ba999cddae,eed88ede17a83542099d127bd4d217f6811c30b1d0dacc87b7cb9e9fc1dc8c10;5bca0f9ed825edaf1c97b3788c599ce4f4451fc942f80eae2cd57b0b1369f11d;064a0ba844f66e8911326027a6a27be972a17643748c73040bfda322cc0334f1,confirmed_absent
A22,stream_absent,cyclone-idai-2019,2019-04-03,count,60000.0,7b7af303c5294fb1fdcfc6439978da5d5514e3b98c7e3731df073b18eb10d38b,db90a2584e1c59bbaeea562f05d65a8ed795ccdefed0b081173958823d249f11;1a05e069959669b2f26f4df27b839c9d2adb5406469d4c07a2c91afb6c0ca3f7;a2ec374d40a25fe439fdca58058a062700332db8b5f82a135b00a069e6de64f0,confirmed_absent
A23,stream_absent,hurricane-irma-2017,2017-09-15,count,265000.0,5c01233bcafb9d26eff4568bb05d7f2799bd3170c1c71c9a3820e95536b417a0,3aa7ecff979cabcb55fb1476cafe135935c5297ea6556be0d329d3c0b7641be1;eebba2522af4a559fb7ea1e74a208402e9180d626b94fc2d60f06a80c6628f2a;621f6698f3470051478d85aa85b57173c64d04cd580aa78460f188ccbcfcfebf,confirmed_absent
A24,stream_absent,cyclone-idai-2019,2019-04-11,count,21000.0,578526c32583107c071feb19a671295e7a74347f106611fecccaa0b75c485db7,307d752a8dacefb38193f8162e313df06c4da764c5648842f85b099f43300cff;5c860d55f1ba90ede059c0a1ed1b2cc13fe6beaa856b737fbaa6a0dc9fc49b43;42894fca39b450ac98744a8496735bd399087579bffdb8949695b1d5a81c0fb8,confirmed_absent
A25,stream_absent,hurricane-irma-2017,2017-09-10,count,3651232.0,93babdbee47c8237b4558e07f52727252d5c48604c8df889e8b9a2a9f187a736,7621a1a103eef76f23533e58759f19b71a39910f2cd94bac1f20d159c45fd759;966a340dfdc8cbe5e23ba2f492ffe7bb1fe2431a8c18c4ec54c9e883d5e09e65;062677244613c7dd2a9a519da9ec984e9146b330b17e4e7cf64a71279a999565,confirmed_absent
A26,stream_absent,cyclone-idai-2019,2019-04-04,count,18720.0,9159764e7c108c09b9081bc7fd39af3cfdb1e00de097fe2ab8ea01a264379145,89b7d8ff25955b22188349666d21b73c3e4836f5ddafe3e67aa729b6c7bfb19f;613f2ab5baac73c6c44d776b435cc5f0ddb7ce9af14a680bc39deac67e5a3f04;d537dbd4f164f0cdee435da257c30b9f7d9ab34dd538629ba11e99b76cb8b131,confirmed_absent
A27,stream_absent,cyclone-idai-2019,2019-04-16,count,100000.0,6f6b56d85fe9731eb5580c8a3043a8466e2b921d9b41ccd3bd012c9d03459376,fa47bd7db76c14783657b571060710c71f934ed74c50f0a03395d2f4cc2b6737;3e5b9d0cf21ad28328f534e087080aa4bf070c4604277043ccf5b3d958214f05;44414d68b6f03d54770e8c1fa70a0cfca6cbefe4e9e0f05ca0dc3e575b785144,confirmed_absent
A28,stream_absent,hurricane-irma-2017,2017-09-15,count,500.0,7ee304af26f8ae433284376a197ad482347c327a9c5c9d006ad6afe700011897,5fd2baecf0c8e147ff379113b46089d66e8597693df3be8e263c4f85ca49b198;1b82fdc5eade27c2c6d3f8b7c15335c182b2a95123df0958bbcc7c3bd9e082e6;12b78b98c866d0b7fd45d89d24fb34b53b582b85c86b61f6143064e6cb9e3fb5,confirmed_absent
A29,stream_absent,hurricane-irma-2017,2017-09-06,count,10470773.0,03aad65259bf5eff05af31addc985f037a6d68efd0f500ff637d7132f01ad44c,70e5f6f3b4bcff7b3f4c328b374d3cdefa1aafc4f5bcfb71e81e540083dd1515;ba23326e7c7a393adcf828e5b86617abb451edded362e8034198e50e13b5fd26;d4b56dc1901ffed30eb0a1927290ce4dab4020c8c79e86e6b37429222d6f9bd7,confirmed_absent
A30,stream_absent,hurricane-irma-2017,2017-09-08,count,3600.0,d75b52ac597843756b60e925b02095f6d2d1cd19f2f32e1a3b32084fcf58c7b0,0638b8fb4056c86df1985230562a8473db36e93eae81c04fc69d9ed1d7367eef;1597f754f6dba78b3ba5431561271279964407ceaeccd986874f5c080803444d;e094666021e3e504bcc73e5d681ff59acc898ad3df24013bbe3b24f55f7de660,confirmed_absent
A31,stream_absent,cyclone-idai-2019,2019-04-09,percent,20.0,9bb53d793d549dbb5a6a95475245ae32e88be182ca0c24bf9d89daf6ba9b4ea7,cde1c7ab0ea858cd0e7571490166444a7cc73a0be87a16e462c22d51cd6b8866;6e656ab8969da78e449920c380f9029182f9049bfb6c1fe16111541a07d82558;45d1e4a802ee8a79fd642ee81a722c3f8dca4a0c53591cc1d794e9b0c450a5ec,confirmed_absent
A32,stream_absent,cyclone-idai-2019,2019-03-27,count,323000.0,0fb88bd9150ebc88a5b967db9202a6dfd7a3b14378d9bc338521e87de68a7697,a6d573e58e99731523cda466d032632c98d5af846f628d260f2ce6a8b0abdec2;dca89b0590fdd4342468d4d83d67a3838941fd4f3e37e445fa27f5fb123754af;29d5913301f13d8a61eaf42df1f48558409d6288982691891fa1a98849a0f299,confirmed_absent
A33,stream_absent,cyclone-idai-2019,2019-04-11,percent,0.7,98a00f51cffeb701f20bccc2ccaa45a3a07adc035945a77dc7cedec64156996e,1d458ad8990853294195d116562d575099fa158f7884276d7bd392893fab5632;3ea38e430e451a930d5da21b5cddffb485b7d0fb75e4d715967d57eea602ad4b;49939011be245b3c185ea896e921c16ac13a3bf56d141f42440012057b78d10c,confirmed_absent
A34,stream_absent,cyclone-idai-2019,2019-03-23,count,353858508085.0,193a7b7f4e2426e9fdcd73daae6fd8be67e7dc5407dc0fdd07f9b7f886ad300b,4095faf3bb3f47037e9665e79926a71808a868023d212e7fb77bcd5f61cbb59b;78fa9d15bf0a71a0e5454f232a3eb5543acf4afe9b9f38a08296f31811db1177;1617021abfebed8b22abd7e9feedd9429d53c14c4b2913fc3975fd132cf5aa91,contact_number_extraction
A35,stream_absent,cyclone-idai-2019,2019-03-27,count,3930000.0,e2b56c27e2ad80470c39c2426117f830aa4471732b662019aebbedcacfc28ebc,f31bbfdf2ab018837f54d43d881f40d12477f254991d954d3dfd633eeaa53ca2;29d5913301f13d8a61eaf42df1f48558409d6288982691891fa1a98849a0f299;07fb334b175d6f85daf062dee50cc48f9f4471616a38caeed7a2c8da4405ba89,confirmed_absent
A36,stream_absent,hurricane-irma-2017,2017-09-13,count,1134.0,a616ebdb2c08f024e47560a72a0e86aa33887e71a2520d7f15af51af8d01277a,e984ba0c0cd699e2f96aca0df028a85b7b43285ca9a463655f7f4246b9baf072;e2f784c760778da8575194ace4ba3313d4883a0d46842d2c32e27bef4065ad61;a977bd20105fce40a226746f11707048928c8dd4e16c2a38bb637ce869a488c8,confirmed_absent
A37,stream_absent,hurricane-irma-2017,2017-09-10,count,36106.0,8602288687a77688a075aa44e20971878a8ef3c71203e1f6b361c983657a781c,2fa43cbecabfa35b991f09b155f805f6e61c0a1ae0f908b7ddde3d4f8a322bef;c04ee30894ac5d91c52ba45b91b54fdda9f19d63de1eaf1362917577b6ae219b;755f3834fbf95a518e281c82c9800a26ac8c5578b13ac85fc2ddd534fc7e0abd,confirmed_absent
A38,stream_absent,hurricane-maria-2017,2017-09-20,count,5124.0,ffc3d9e08fb6ad7519d7891df0d2007b3149f66c7c15439cb69438b3f1f0a6e0,7e9363ed14df71d39a35ab56f15e333aa81db29fd10605c9dd897e9c0329bd98;f6d8525cbd026ac67eb8cd2e4d5ff7dcee10e51ed5b4e23269728d842a4ebe89;80f1549db6ab0b27d3c4c72ce45404df9f0ab41e40fabf96cee805134152379e,confirmed_absent
A39,stream_absent,cyclone-idai-2019,2019-04-01,count,14047.0,474b318f69986b9ca3ff426c71f8a01e0d57bc06246c028c948b06ae1e79751f,75a994807ab8e94dd7eedc35eaf5578b0fb38a5adcdc4941b750f65cc14565e4;a2dd59d472debe23df1252a7988d0c32b8a6aa2f0c3568987ee81d57b782495b;90ccae3989c2c65f367ba2ad167cf5ac7463f8097793bee2b892e4c9e8fdfaf6,confirmed_absent
A40,stream_absent,cyclone-idai-2019,2019-03-28,count,15784.0,7e131fca75da9f44496533f338a17928f22c3a7b51358390609af99a3aad474f,20e05bc1ea0fca054d71c5fc504cb25b1bb25fd5659fbf79bbf6e0034e1de8b6;c042f24c6497e00a6e681772634c65de59c73aa73e6984397524c013604ed010;bf458824918e30c1e4ab61dd053550c138032b432d359ef2e73b45755e3b40d4,confirmed_absent
A41,stream_absent,hurricane-maria-2017,2017-09-20,count,99923.0,d1f12b533e6831d5fce06b71cbe6dfca61ce42ba5bc9c2d7792978708bddd336,c69e9e3261cb0d3a9c7c1159fb911562aa4f0344b5e717616023bfca02def71f;d5440a52fa8f467ceb41065ff3735bd4ebabf7a27dc72bb5e479e07c509cc13b;acf3d1c60b1e3cf44105160ebad7d7c120817bcb684674a87ab5dd9ef20f01cf,confirmed_absent
A42,stream_absent,hurricane-irma-2017,2017-09-07,count,10596666.0,985fd9a00c58bd9e90b3078dee9e4e673a1235f3cf22e29d443621e95e22db54,8e08acf63c9ad595f0775beaa55b163ae30ba28c92861c9f822e976dd5ed527e;9c19733084c04007563e496dbf9504a20b2cd777a23c319e24a652f89d59cec4;0930d771fe0dd695ebed069bb1ec1ff6f672126f3562df3fdfd8d1ff45ad4512,confirmed_absent
A43,stream_absent,cyclone-idai-2019,2019-04-11,count,11000000.0,189bae9da5d9aedbcc4c5573f8b6be9425815625b414bc5864dbba8592d8bc81,8501c5abd1472cd0db5cab438a7a873d568b828e3d2ac1123da4f8404cf7c9dd;7db79cee886ab226ab87639bf3efe42a36669ddba5e44be3ff448455ce9a6683;3207818927b9d572e2b8e3214b27afedf7a8290d6fb19fe9ddaa33e037e021d1,confirmed_absent
A44,stream_absent,cyclone-idai-2019,2019-04-11,percent,88.0,75a2027470d84f007811d5a49b7317ff3d3fe0bf68f511a43132b4df9369ab3c,3207818927b9d572e2b8e3214b27afedf7a8290d6fb19fe9ddaa33e037e021d1;5f3ddfb561b9ab119fb0c75942651e1e556a1300c92701e33557e483d049051d;288ab4f7758bdabed9f00fda2e15e0554eef10061800060cd7a99887142f635b,confirmed_absent
A45,stream_absent,hurricane-irma-2017,2017-09-10,count,2100000.0,50300d45a8d190ae8a1bff7f10b9fffed4c66a4e3c20880b56cae50363dcb108,fc36ed77003b80a8b161b1f98b868bfdaa99987e392f259b0d25d699f7f49fdb;55865113cfaa00bc749a5e8156f0310509eff167dd98b1ac326e9f5e76bea738;b701fe282333b49ecbdfb48fd7dc2c7c361bd592a6ecd7e173d2aedab09fb3f3,confirmed_absent
A46,stream_absent,hurricane-irma-2017,2017-09-06,count,49000000.0,d0067d2da46d0de24472fa09d7d4c1e6c686db2dce571956871b3c7a1a8f6a42,023519b5fbc5df546f65f5119d37ea47a89b106a4f858ccffbcb19f678ed7c13;d4b56dc1901ffed30eb0a1927290ce4dab4020c8c79e86e6b37429222d6f9bd7;fb26ecd155137b8cb2b9547e8e8723e0b2d7321dabed845df778c984b27ad784,confirmed_absent
A47,stream_absent,cyclone-idai-2019,2019-04-02,count,80.0,248480fa0a2d1a7a8ec35f1ad95ac6842251e61d8e6cc437baaf0116d67d2e23,233e288489ef16e6838d78710f87bb7c10e2f5bfcb3f0ee23fe5f8c1c2678271;dd5dbb994eb18f9502b90b005e679ad955b75571d29d0c6a2d1d39512505979e;65fda3af9dc5b29a8c279705372f78c0744d055550b782be3366191d0a675467,confirmed_absent
A48,stream_absent,cyclone-idai-2019,2019-04-04,count,50150.0,e916e51932f4f221612abf6086a83bd16ac36c2334222718f542a46434010275,613f2ab5baac73c6c44d776b435cc5f0ddb7ce9af14a680bc39deac67e5a3f04;d537dbd4f164f0cdee435da257c30b9f7d9ab34dd538629ba11e99b76cb8b131;48f489a2cc1eb63b3ae1157acaf701e20b38fca210f8395d458d7a011e7304f7,confirmed_absent
A49,stream_absent,cyclone-idai-2019,2019-04-11,count,141000000.0,05001a69f7aefc86fbc53bc5ea8df6c94ca68e5a55db4ce2ce903666fb819855,de31abf77a9eec80cfabac2faa9dc783f06e6fab368150908abb9f16c41aac70;84bbacdd285f6ddfb8ffeb467e4f9dac1f6bd27d6519a6a5d7021a4957067e48;1331c3ae67e97f163e3abfc639bf14151afc1d239b2930a03858c66b3490dd9e,confirmed_absent
A50,stream_absent,cyclone-idai-2019,2019-03-27,count,5000.0,f3b4aa47bebd5653288e85862f179202afecc13a8169d3d0a1f906fadd110a61,e728f7ef13781582bd4c596ca4988de79eff350108c9d6c5287f31644b0a0f82;b67d38dc99b22577a30f78cd012ef5b4b0526c065d021532828035e57f4da7b8;085267329e32d361f25b59247ce17944ca37c1975f06c4f53c4f35f5a0bf2eb9,confirmed_absent
O01,official_exact_match,hurricane-maria-2017,2017-09-21,count,14.0,88db560bd7260d9a5cd2bfd587e5be498d50d8c71a7823e605cdbd81db0d8bbc,383bedb91d0470ecdccb2f373f02a8c923cfd016d99bad047532fbd73eaa8ccc;92206136eedac77d6a2b7d9b2a7e0418a96395cd0fbd1e2b7dd37a4d5ad26f2e,semantic_match
O02,official_exact_match,cyclone-idai-2019,2019-03-20,count,202.0,980635c698de349cf03864308e9c17be17deb37489c7f1148871207753a69c35,8cacbda3488e3e6f059ca3376e695ac3cce3fa2bc1e07fb42f8026cc998f7003,semantic_match
O03,official_exact_match,cyclone-idai-2019,2019-04-11,count,30.0,5c06654da6d0a038b6babbd12e3e9c0d182a7a68b8ec70debe81d9b9def9bae7,1331c3ae67e97f163e3abfc639bf14151afc1d239b2930a03858c66b3490dd9e;dd1bd51c82fcf3bd89e8c0489abe540a5f26e26f44ac7452de7a224c3dfb1029,coincidental_match
O04,official_exact_match,hurricane-irma-2017,2017-09-08,count,6.0,21f7f83bcf4be80a5ef02dcaab2ad351c7760aae723fb1f95ca67bd961f037c1,c715d90f77a852b70a49c1d973f7be79062c81c2c912f22e6dd0191f55e6d316;aa839cd15d309ccc5b28f1d395b1c748b6fa27e6077dd2533cd13a1480049d68,coincidental_match
O05,official_exact_match,cyclone-idai-2019,2019-03-20,count,2000000.0,f3f6708ce4c83bd9018e120ecb06f42d7c136a165180f023d9de834e09482c47,93adcde6c296ebb95efedd96c6dd2f6a97afb248a8ec5b023a42a15130fab730,coincidental_match
O06,official_exact_match,hurricane-irma-2017,2017-09-13,percent,50.0,b70f77dc70ec613571f451229bf2a165d38b0f00eb20be527237844ca8c3ccf6,ad7239b815650f7aa7b1701187a21111914e5ff2822cf7b628a53d58f36acd58,coincidental_match
O07,official_exact_match,hurricane-irma-2017,2017-09-13,count,30.0,75f848bf54370dc2b692ca0658d8624e70020e1d07b676f2e54c77e340f89430,147195d11549355378aa9f9a4ad2407b8ecccdfa3924bba72ab7cd6529e85d94;3b8e52b5a50044a81e5e5d296cb661ab4f28b5f1d9ac96c1058d96c56f2925a0,coincidental_match
O08,official_exact_match,hurricane-maria-2017,2017-10-02,count,10000.0,2fb54d5de727a82ef8cb4f5a3d36423382baa943b803cda0881fad0a4ef4210d,2c4fa893592324b3e7e32af8bbdbb98ad133a7cde9fc8eddbeb992c9a718b3c2,coincidental_match
O09,official_exact_match,hurricane-irma-2017,2017-09-15,percent,90.0,a28757357d96ac7ab08014265449ae33b234f86fb9a295331e6c32e36eb9788b,a72e45d7a6698c2c74a6d546f743d4013b82a79c323976779178f0c806672b9b,coincidental_match
O10,official_exact_match,cyclone-idai-2019,2019-03-24,count,1000.0,8cbb70a767b39698a8b810ea98f02bd3b6819fced145a28dc04a811d4e01efdf,c99a6ddaa8528e1759ed4ce136c18902720dd29f7492d43b2812452feb1eb9d5,coincidental_match
O11,official_exact_match,hurricane-maria-2017,2017-09-25,percent,100.0,3ec2abb4b75a1189908e7c2ad17c93cf328ec40f574fac9f85a97c7f1009a941,3d684b2a6124e30caeb0c55c472c2f0e7777c691a0b67e89ae6c44c99d9f1d04;b1c16e1ed5bcee586f6fd2ff9024a61fdeab693347340740af6bacf71fd8cabe;c584947fa8c27435906e4b247e6dabad20f16d178290218306b4a6b9035890f2,coincidental_match
O12,official_exact_match,hurricane-maria-2017,2017-09-25,percent,15.0,aaa2006d8239e7cffa9fac8c3921d90109137e0d15b63ca3aef7df438ff0fb97,5488194db5bb82c815ac86bc61559ce9b0731b1c7ab653c90e0ad25a66e5271d;ca6056f48295069f0458702e0674dccd90725f159be795231d05643153aed7d0,coincidental_match
O13,official_exact_match,cyclone-idai-2019,2019-04-14,count,1000000.0,87efd9265e44790d7e0d305e889594ed9acaea8c9f4124eb08af456b1a2a3e8a,536df2a8a5120f2a4c6e7f74ba9af5989f7558e43a2f749a0a6dc9aa0d71c627,coincidental_match
O14,official_exact_match,cyclone-idai-2019,2019-03-17,count,31.0,d0459a232e6fd442b0929efa0fa1bcc6777614ae5c4c7fa6f5b8a8409f0f178c,a368588434bbb6d296cd6efb3b48a3a07a6411eec9d93175768987f18e465033;35e4a60c11909ae23db2a45d73aa17a560cd473e3225d91cdf2883802bc633f3;35e4a60c11909ae23db2a45d73aa17a560cd473e3225d91cdf2883802bc633f3,semantic_match
O15,official_exact_match,hurricane-irma-2017,2017-09-08,count,30.0,72bdbeedb15bd83d41c7c1293b6be379c65da53f8d3df28f96579e68c00cbc63,c715d90f77a852b70a49c1d973f7be79062c81c2c912f22e6dd0191f55e6d316,coincidental_match
O16,official_exact_match,hurricane-irma-2017,2017-09-07,count,1.0,919f4c1de61b3aac35c29bca87f019ab4af51e81da7e6b1f3e379b6eacac6c55,6c7d602163a9b2ea61e8f93629d3f2ed2216a08b469b30560eb0cdbfb1c6b723;daa784305fec10a792c4498ccbff6dded86b71fb3888a43e8e19932f1cc70ad2;0db8209df91a3c526760d9ad340fbecb5776eb4e41fce839cbcb3c827f8f4530,coincidental_match
O17,official_exact_match,hurricane-irma-2017,2017-09-15,count,5000.0,6c74aa6b476935f8c146e160d6fa5ff9efead515a3e15346028e58b67eaa7533,fea933ed5c1fe035254bf04118933ae95e2306f9ac4c2f6f5c10f5d483e41e1a,coincidental_match
O18,official_exact_match,cyclone-idai-2019,2019-03-18,count,900.0,5cf21c076b19b7ff42fc659eed60cee5d807c3e061670ac708daecfd11548b04,b5c1919026cea3a54899e69af0b714787ced7dba35ce51a21153cc7e53f68a53,coincidental_match
O19,official_exact_match,hurricane-irma-2017,2017-09-06,count,1000.0,e896b2f03d7e5ee172602e6bd872ae33b4627dad77c71fa614ed7152c8a72f72,fe4a3eeec8e7ddac211bf3704ae46d7146cdea93ac8d5a020006fd5b53857c46;9dded347939d477be8cf9cc71b2f2d56d5295ed2a0b4e1a4ddd043f6e652faa5;a1cbd866df391323761965baabb517c1e58d76f6cb5a2f2b1802ac75ec52594e,coincidental_match
O20,official_exact_match,cyclone-idai-2019,2019-03-18,count,217.0,dddd54f9f0b5e06d2cf0a609f267e89a8e87b9ae225bd99a8062bff974e686da,07a1ca1c8c0b481463e62b5a654b41668cea62152eb2caba93ddb58f196b1150,semantic_match
O21,official_exact_match,hurricane-irma-2017,2017-09-13,count,800.0,425484acbdc354a13c874f920bae66561940d3957631767446936b6b891b2d81,2c661ae4bc902457faf0b12250e99416a1731f402774352caf32337a030f9bc8,coincidental_match
O22,official_exact_match,hurricane-maria-2017,2017-09-20,count,5000.0,2826c4c5d31dfd1ff535807a69b0c26289cbee24eb02e3f6e4985f58410e408f,fffc8293a8c522b2247b2d6d3dcf5ba9a8197f81f6d95dccae94587095db4bb4,coincidental_match
O23,official_exact_match,hurricane-irma-2017,2017-09-15,count,20000.0,1f30b9c8bd7f147dda6387ecdb8f76d4aad59979347e6ce3cab849e4dec69c55,b9aa231040b059233f41ed15aac94363e9cffb5eb20a651139144a54bf08b857,coincidental_match
O24,official_exact_match,cyclone-idai-2019,2019-03-16,count,10.0,cd4406c5c0b97d988049a810784c9f5c99fc8529d17113785e1789497149b634,c0471dc556d3119fe4cbe19d532adbd95cfda12292150f350c90e5fabe5848a3;4aaa2ef6f80bb6ac0c20122e95eae6598c3d461342b52c247ab7ae6f75f13824,coincidental_match
O25,official_exact_match,hurricane-irma-2017,2017-09-08,count,4.0,26223a71f146ebc63158aae0e5865310559d3e07493e1c05cf411497a37ac523,291816505d3307f3002dd43eaddc6259d652a89ff17b86fb8050d72f02cbb5c3;1223b66d686a637afc3cb056be67d457d9ebe594a3eeaf9e1e1dc297957bcaef;9b872533c5aa97b97c366e3bd86ac9f9d2de494fe954441286b2996a85082e24,coincidental_match
G01,machine_exact_match,cyclone-idai-2019,2019-03-26,count,110000.0,51cc552fdeaafba8a7fde4aa2ea779f80045b89005f74db20a834481c032beea,ca1230c95de5af3464f3b94dbe67957570f41d27c62c9501f7b45b21246a03f8,semantic_match
G02,machine_exact_match,cyclone-idai-2019,2019-03-20,count,350000.0,c6ed8dd0465ae836d03a2534ca7d89be095485fca0028908e9b3355feaa7d409,2ecd94b107465b26847bf0f6ec65688d19f762202688fb1c04a47803074e92ec;e548092f8d9179eb32faa125c8b1028546f04198622ef086a87a6970c21f2bc7;f928a5f19b6ca41d761e2ec45e03f116dbfac9e92b8c607ddc6ce310504fa25a,semantic_match
G03,machine_exact_match,hurricane-irma-2017,2017-09-13,percent,90.0,d8f3b77be976053000282ec9795417d54a42e81d8592802fabaa378452bc7cde,5e9f81575e75ca062a12450157d1666b154a0e17a9fa3f77659bf5b3b5aceb8d;389fe2bfadef0ae5eb898920aa50eefa97eaa71922c279d3f209159c34dd67ab;f0c5534d559f82ecb3feb0c0276a094e5e9620740317811f2c1e48c079d491f9,semantic_match
G04,machine_exact_match,cyclone-idai-2019,2019-03-25,count,1700000.0,d04521d6d1d6102c128f790786cb11da36ed1d20b6bad4c7ce3fcb7f14584784,d6d39e81261ee302d2d68b0347c4de323ae5bc19ae1c5ce5f26dee1d96c80937,semantic_match
G05,machine_exact_match,cyclone-idai-2019,2019-03-26,count,3400000.0,f4e1d319459f199e07af37eda176bd424c18ab876b2478f0565306237967e25f,53c8e40160e6fdfc23854bd7415637c1829124c1cd803dd988fd022884a23156;1e2d10d2d14c3aebe46cc543aed57d4a9875bcb8f4c921611d1d08cc507ace4c,semantic_match
G06,machine_exact_match,hurricane-irma-2017,2017-09-08,count,650000.0,2628408182c252360739b37bd08980262e2f93154dc3fdc693edb89f074ced4e,19f33f4e54ee8e41d7b3232aa39239c61f46ab844c8dea2c332dd6a51af3ce32,semantic_match
G07,machine_exact_match,cyclone-idai-2019,2019-04-01,count,82.0,c9ea7951188f47c37ddd85e6360bb53781c5675a85a6dac1035ce350b9e623e8,de04e0298f5d0cf021d3726eb63a355f974a380ebd641dfeb7eeb384a5cbf574,semantic_match
G08,machine_exact_match,cyclone-idai-2019,2019-03-17,count,115.0,8f64cd74913fc72eaedd3a2c7eb43554a6b92df18f5b3e958a0518db453eff52,10075a5cc6852b8bcc23579433d3f8b5861c2984e7162861e2513b7619727ba6;f7269d64caf70868e5e2f4819bf3bdbfa1941c7a02281dc3b2c41d2e33d25e5a,semantic_match
G09,machine_exact_match,cyclone-idai-2019,2019-03-27,count,150.0,9cf512248cfafb0bb84261e99cf00601a1d564f4d2f77a4c439490c8062acb4c,ec9622d22a10e75230e9673d26da5888d267485886584102e91fa41503b2105f,semantic_match
G10,machine_exact_match,cyclone-idai-2019,2019-03-17,count,40.0,54a5d1bf9bbb5986ea59181f1370f43299e5be684635911154d782496717bee6,0bb2d884b1e26e3e430c7f9553b371183029fdd95c46f75d0a5ccfead4b66b42;faf3cc8c78c1e7eb032564442b2e0910c289504e492b0072c9707eb0ab505925;03c8fb13751491a646a01a4eb3352be1dd8100ef5f3c2001e8d23600f132d0b3,semantic_match
G11,machine_exact_match,cyclone-idai-2019,2019-03-27,count,20.0,fc9163b6e89b17efd250caafdc6e56cf682941236489ef6779274a7dda9883b9,a5aa0c24af956f098c70ade5cec448122e6b7c27f7f9b8973678288a9519d33b;8ede3f09dac60a1c3ed8619c2ab7f9d76ddfa74882a0b353c917fce7c4460159;9bfef9160f38e06251495a2240746c57760e5eccc9a6774939a228387cd9e9b1,coincidental_match
G12,machine_exact_match,cyclone-idai-2019,2019-03-24,count,80000.0,6ce35949866f5e9e681cec445a8c2d09f0e2f55cc51b7ea8e04e730c868863db,c99a6ddaa8528e1759ed4ce136c18902720dd29f7492d43b2812452feb1eb9d5,semantic_match
G13,machine_exact_match,hurricane-irma-2017,2017-09-16,count,39.0,5e0b7eb1da90b5dfabf0de4ee069f9ebce1a398558d27dc05e23fc4964982dd0,56777d3f4e15370a7b021026ec9ce571b6d3934397299a78c432752f3b6e1f8b,semantic_match
G14,machine_exact_match,hurricane-irma-2017,2017-09-13,count,15000000.0,26585442511c8ed9c6809067bb86c168309acad3a03e00f1997d8b56facb07a1,1e8fa41deb0c08ca5e0226a8969634584a87ff2600ac3dd57a1c0963b23b0bf9;b04ee70101258064fc1c92f2a40fbd3c906cbc28b459b1ef332aab9dd66968be,semantic_match
G15,machine_exact_match,hurricane-irma-2017,2017-09-10,count,2000000.0,a23d021ce4b7bf585d27a419917e5869ee9c3c4c95c9c3515732811af0e75279,55865113cfaa00bc749a5e8156f0310509eff167dd98b1ac326e9f5e76bea738;cfb7a0316826b3adc54bdbf38cc3e54501756a7fcf876ede7a5c2726cad98e40;fc36ed77003b80a8b161b1f98b868bfdaa99987e392f259b0d25d699f7f49fdb,semantic_match
G16,machine_exact_match,hurricane-irma-2017,2017-09-13,count,22.0,0b68d3c016454fd83e6f50e6b74a756dd4a77370833b8edfe6158e3a257c8f97,65016051830791e043f64b712c716b75431826adb63a51d3f5a467d6d40cad1b,semantic_match
G17,machine_exact_match,cyclone-idai-2019,2019-03-20,count,300.0,d62d78f52b1beb7fd311d2fa144941de701db8f4b5edf983e3671fef3e7565f1,3ae03becbf4eda228a3bf62c292cb0c623e79e7c3ab093dd4d260ac58c368d21;a86b6855926c2070a070137811d9df6f9fd640e7cf254bc9a7e4a2d3698fbfd7,semantic_match
G18,machine_exact_match,cyclone-idai-2019,2019-03-26,count,60.0,0e06b2e1c3a5375feae578a584f9da90908b3265dbb5cb48e6efed85cd0ab726,242d239c1832610e506058c025dcd3626d8009f3250d14a1720a413b71948bc7,semantic_match
G19,machine_exact_match,hurricane-maria-2017,2017-09-25,percent,95.0,5a2ec40cf8ee1e69d1ec447264fd0d13f414cc4591e5701c8e99d79f31e545ac,204ba66e0285b3c0122d09ece4d3cd3f7b19ab141f57d98bbe310c078ba8d8b8,semantic_match
G20,machine_exact_match,cyclone-idai-2019,2019-03-28,count,100.0,d02ca67638b908205287b73d785bda481ef633e03e84db67b8312aee708fc0a8,71b12971ad583df83fd9eb6bbf9f9c6234376fc515b6459dacca53e8b82cac90,semantic_match
G21,machine_exact_match,cyclone-idai-2019,2019-03-30,count,330000.0,caf74798dff003b9752df31cae79fbdf0a5a8b73bbe1938c5aec87b04156fcee,d75ec823ae9b80890f8bf5202977f29b7ae646ccc2603003f90408e58bf5777f,semantic_match
G22,machine_exact_match,cyclone-idai-2019,2019-03-28,count,65000.0,f9350f669187b8ddfb3c35688b663cfb2cab2a0d32eb3c0e7b314e88c85744f6,9e128808ba01c1b4ed41d4dba4b46f5375c5fb5982f0004d70888f578c1be857,semantic_match
G23,machine_exact_match,cyclone-idai-2019,2019-03-23,count,2600.0,cbe91d7c18e18a346d4fe49f78c9c011a9ed1f06261e2b446452a39ed4a59368,ed28ce3e9cb42130fad4b301ec8767c675c476d273a8e7c4f83f14725078d9da,semantic_match
G24,machine_exact_match,cyclone-idai-2019,2019-03-29,count,2300000.0,22e2a69cfaedf6d75170aa4872fcd17a004714eaf399b76124eb20cd9b0db552,7917f4ac6c6cc8f862902cfb66566f7b340ebf4e021397c953ff538f15860fed,semantic_match
G25,machine_exact_match,cyclone-idai-2019,2019-03-18,count,48.0,3edee208faf6745f82ca9810a1f56e59bb53efb67af28883dbb16e93e7855836,cbbc7921c7f305f36651b9d2f2e3b07574a1fda4ebca7c3364466b2325577481,semantic_match
