manifest_row,event,title,source,document_date,date_in_collection_manifest,date_verified_or_corrected,retrieval_url,retrieval_url_type,local_filename,sha256,document_id,extracted_characters,slot_judge_character_cap,characters_sent_to_slot_judge,truncated_for_original_slot_judging,evaluated,exclusion_reason
1,cyclone-idai-2019,ETC Mozambique SitRep #10 1,WFP,2019-04-14,,1,https://reliefweb.int/search/results?search=%22ETC+Mozambique+SitRep+%2310+1%22,ReliefWeb exact-title search,cyclone-idai-2019/ETC Mozambique SitRep #10_1.pdf,5951adbd27b32b5a134a7b73fd7cba8b9c933c933d4f38a622b68011291cb732,manual-cyclone-idai-2019-etc-mozambique-sitrep-10-1-pdf,8067,20000,8067,0,1,
2,cyclone-idai-2019,SA Cyclone and Flooding Snapshot,OCHA,2019-03-11,2019-03-11,0,https://reliefweb.int/search/results?search=%22SA+Cyclone+and+Flooding+Snapshot%22,ReliefWeb exact-title search,cyclone-idai-2019/SA_Cyclone_and_Flooding_Snapshot_11032019.pdf,26a7a3e65b5c4f5508cf3ca0c89cd6114f91ca5576af28c775070b602c6ce0b1,manual-cyclone-idai-2019-sa-cyclone-and-flooding-snapshot-11032019-pdf,3928,20000,3928,0,1,
3,cyclone-idai-2019,SA Cyclone and Flooding Snapshot,OCHA,2019-03-12,2019-03-12,0,https://reliefweb.int/search/results?search=%22SA+Cyclone+and+Flooding+Snapshot%22,ReliefWeb exact-title search,cyclone-idai-2019/SA_Cyclone_and_Flooding_Snapshot_12032019.pdf,6b337d6d27c730b07fa74475eccde87d88f8d6ebb9c1187f6ac9b7cfaa85878e,manual-cyclone-idai-2019-sa-cyclone-and-flooding-snapshot-12032019-pdf,5283,20000,5283,0,1,
4,cyclone-idai-2019,MDRMZ014 – Mozambique Tropical Cyclone IDAI – DREF EPoA,IFRC,2019-03-14,2019-03-14,0,https://reliefweb.int/search/results?search=%22MDRMZ014+%E2%80%93+Mozambique+Tropical+Cyclone+IDAI+%E2%80%93+DREF+EPoA%22,ReliefWeb exact-title search,cyclone-idai-2019/MDRMZ014do.pdf,d430635df2b0cb45ed2b267ca8ac8ea8df8c12668548540572e21c696ea61e78,manual-cyclone-idai-2019-mdrmz014do-pdf,42131,20000,20000,1,1,
5,cyclone-idai-2019,Mozambique Tropical Cyclones Idai and Kenneth Emergency Appeal n° MDRMZ014 Operation Update n° 3,IFRC,2019-03-14,2019-03-14,0,https://reliefweb.int/search/results?search=%22Mozambique+Tropical+Cyclones+Idai+and+Kenneth+Emergency+Appeal+n%C2%B0+MDRMZ014+Operation+Update+n%C2%B0+3%22,ReliefWeb exact-title search,cyclone-idai-2019/Mozambique - Tropical Cyclones Idai and Kenneth - Emergency Appeal n° MDRMZ014 Operation Update n° 3.pdf,efde748afb23834e2b63f2b0c97cdb3db0b3e5940352b2fd922c1d727e888dd0,manual-cyclone-idai-2019-mozambique-tropical-cyclones-idai-and-kenneth-emergency-appeal,64121,20000,20000,1,1,
6,cyclone-idai-2019,ROSEA Mozambique CycloneIdai FlashUpdate,OCHA,2019-03-15,2019-03-15,0,https://reliefweb.int/search/results?search=%22ROSEA+Mozambique+CycloneIdai+FlashUpdate%22,ReliefWeb exact-title search,cyclone-idai-2019/ROSEA_20190315_Mozambique_CycloneIdai_FlashUpdate (1).pdf,5615bf14fbe49d04e3c08b725aa8920068888288eb20ea92899d3e9322bc1eb8,manual-cyclone-idai-2019-rosea-20190315-mozambique-cycloneidai-flashupdate-1-pdf,3299,20000,3299,0,1,
7,cyclone-idai-2019,ROSEA Mozambique CycloneIdai FlashUpdate,OCHA,2019-03-15,2019-03-15,0,https://reliefweb.int/search/results?search=%22ROSEA+Mozambique+CycloneIdai+FlashUpdate%22,ReliefWeb exact-title search,cyclone-idai-2019/ROSEA_20190315_Mozambique_CycloneIdai_FlashUpdate.pdf,5615bf14fbe49d04e3c08b725aa8920068888288eb20ea92899d3e9322bc1eb8,,0,20000,0,0,0,duplicate_sha256
8,cyclone-idai-2019,ROSEA TC Idai Flash Update2,OCHA,2019-03-16,2019-03-16,0,https://reliefweb.int/search/results?search=%22ROSEA+TC+Idai+Flash+Update2%22,ReliefWeb exact-title search,cyclone-idai-2019/ROSEA_20190316_TC Idai_Flash Update2.pdf,1d8a468954fca2382c02b44ba4729f8e8c940bd6212683e5047b64ecf37ec49d,manual-cyclone-idai-2019-rosea-20190316-tc-idai-flash-update2-pdf,3992,20000,3992,0,1,
9,cyclone-idai-2019,ROSEA Mozambique Cyclone Idai Flash Update#3,OCHA,2019-03-17,2019-03-17,0,https://reliefweb.int/search/results?search=%22ROSEA+Mozambique+Cyclone+Idai+Flash+Update%233%22,ReliefWeb exact-title search,cyclone-idai-2019/ROSEA_20190317_Mozambique_Cyclone Idai Flash Update#3 (1).pdf,f87a11e284e2f6c335da21bbed445aba1831400be84acf1c3828e5925773a945,manual-cyclone-idai-2019-rosea-20190317-mozambique-cyclone-idai-flash-update-3-1-pdf,5098,20000,5098,0,1,
10,cyclone-idai-2019,ROSEA Mozambique Cyclone Idai Flash Update#3,OCHA,2019-03-17,2019-03-17,0,https://reliefweb.int/search/results?search=%22ROSEA+Mozambique+Cyclone+Idai+Flash+Update%233%22,ReliefWeb exact-title search,cyclone-idai-2019/ROSEA_20190317_Mozambique_Cyclone Idai Flash Update#3.pdf,f87a11e284e2f6c335da21bbed445aba1831400be84acf1c3828e5925773a945,,0,20000,0,0,0,duplicate_sha256
11,cyclone-idai-2019,ROSEA Zimbabwe Floods Flash Update#1 map,OCHA,2019-03-17,2019-03-17,0,https://reliefweb.int/search/results?search=%22ROSEA+Zimbabwe+Floods+Flash+Update%231+map%22,ReliefWeb exact-title search,cyclone-idai-2019/ROSEA_20190317_Zimbabwe_Floods_Flash_Update#1_map.pdf,e67e3919b1cb42cec73d4b56955bd337d2b04c741fbe9d224624949554779e22,manual-cyclone-idai-2019-rosea-20190317-zimbabwe-floods-flash-update-1-map-pdf,3903,20000,3903,0,1,
12,cyclone-idai-2019,ROSEA Mozambique Cyclone Idai Flash Update#4,OCHA,2019-03-18,2019-03-18,0,https://reliefweb.int/search/results?search=%22ROSEA+Mozambique+Cyclone+Idai+Flash+Update%234%22,ReliefWeb exact-title search,cyclone-idai-2019/ROSEA_20190318_Mozambique_Cyclone Idai_Flash Update#4 (1).pdf,77e9ec5976e3f5052279a57355b3c85fef38e83f3e7b97ee52d52061139672a9,manual-cyclone-idai-2019-rosea-20190318-mozambique-cyclone-idai-flash-update-4-1-pdf,6076,20000,6076,0,1,
13,cyclone-idai-2019,ROSEA Mozambique Cyclone Idai Flash Update#4,OCHA,2019-03-18,2019-03-18,0,https://reliefweb.int/search/results?search=%22ROSEA+Mozambique+Cyclone+Idai+Flash+Update%234%22,ReliefWeb exact-title search,cyclone-idai-2019/ROSEA_20190318_Mozambique_Cyclone Idai_Flash Update#4.pdf,77e9ec5976e3f5052279a57355b3c85fef38e83f3e7b97ee52d52061139672a9,,0,20000,0,0,0,duplicate_sha256
14,cyclone-idai-2019,ROSEA Zimbabwe Floods Flash Update#2,OCHA,2019-03-18,2019-03-18,0,https://reliefweb.int/search/results?search=%22ROSEA+Zimbabwe+Floods+Flash+Update%232%22,ReliefWeb exact-title search,cyclone-idai-2019/ROSEA_20190318_Zimbabwe Floods_Flash_Update#2.pdf,0ace4c19d9f77202d831a67b26d4c61ac6a8d4d898af1a413dfe1c28b5c50327,manual-cyclone-idai-2019-rosea-20190318-zimbabwe-floods-flash-update-2-pdf,3225,20000,3225,0,1,
15,cyclone-idai-2019,ROSEA Mozambique Floods Flash Update#6,OCHA,2019-03-20,2019-03-20,0,https://reliefweb.int/search/results?search=%22ROSEA+Mozambique+Floods+Flash+Update%236%22,ReliefWeb exact-title search,cyclone-idai-2019/ROSEA_20190320_Mozambique Floods_Flash_Update#6.pdf,e6ec15b514b87bf0478d45173f940e63607e353f8942c3886ab6ea1baf6fabb2,manual-cyclone-idai-2019-rosea-20190320-mozambique-floods-flash-update-6-pdf,7583,20000,7583,0,1,
16,cyclone-idai-2019,ROSEA Mozambique Flash Update #5,OCHA,2019-03-20,2019-03-20,0,https://reliefweb.int/search/results?search=%22ROSEA+Mozambique+Flash+Update+%235%22,ReliefWeb exact-title search,cyclone-idai-2019/ROSEA_20190320_Mozambique_Flash Update #5.pdf,30e311ce6026f76826999a25bd040a5fe36d7fb9224f41ec9e030822ba8b2b86,manual-cyclone-idai-2019-rosea-20190320-mozambique-flash-update-5-pdf,4347,20000,4347,0,1,
17,cyclone-idai-2019,ROSEA Zimbabwe Floods Flash Update#4,OCHA,2019-03-21,2019-03-21,0,https://reliefweb.int/search/results?search=%22ROSEA+Zimbabwe+Floods+Flash+Update%234%22,ReliefWeb exact-title search,cyclone-idai-2019/ROSEA_20190321_Zimbabwe Floods_Flash_Update#4.pdf,bad855cd1318e53cc650001d513f8bb70bc3fd78aef3d9a5f9b264b534dddad3,manual-cyclone-idai-2019-rosea-20190321-zimbabwe-floods-flash-update-4-pdf,3787,20000,3787,0,1,
18,cyclone-idai-2019,ROSEA Mozambique Floods Flash Update#7,OCHA,2019-03-23,2019-03-23,0,https://reliefweb.int/search/results?search=%22ROSEA+Mozambique+Floods+Flash+Update%237%22,ReliefWeb exact-title search,cyclone-idai-2019/ROSEA_20190323_Mozambique Floods_Flash_Update#7.. FINAL.pdf,957e75b7d53ec9f3b5ec077c999d9b13a7b1d2440ce82d8e9ebdd197f511f77e,manual-cyclone-idai-2019-rosea-20190323-mozambique-floods-flash-update-7-final-pdf,14512,20000,14512,0,1,
19,cyclone-idai-2019,ROSEA Zimbabwe Floods Flash Update #5,OCHA,2019-03-23,2019-03-23,0,https://reliefweb.int/search/results?search=%22ROSEA+Zimbabwe+Floods+Flash+Update+%235%22,ReliefWeb exact-title search,cyclone-idai-2019/ROSEA_20190323_Zimbabwe Floods_Flash_Update #5 FINAL.pdf,eefc940f815b8027c15666efa0c372af33f4ba91e75dd9ef58dd706675b92a60,manual-cyclone-idai-2019-rosea-20190323-zimbabwe-floods-flash-update-5-final-pdf,5542,20000,5542,0,1,
20,cyclone-idai-2019,ROSEA Mozambique Floods Flash Update#8 FINAL,OCHA,2019-03-24,2019-03-24,0,https://reliefweb.int/search/results?search=%22ROSEA+Mozambique+Floods+Flash+Update%238+FINAL%22,ReliefWeb exact-title search,cyclone-idai-2019/ROSEA_20190324_Mozambique Floods_Flash_Update#8_FINAL.pdf,24d86a121bef5df53ed74d1d541e68e3ae5db51b9f667245833baed22a937347,manual-cyclone-idai-2019-rosea-20190324-mozambique-floods-flash-update-8-final-pdf,9789,20000,9789,0,1,
21,cyclone-idai-2019,ROSEA Mozambique Floods Flash Update#9,OCHA,2019-03-25,2019-03-25,0,https://reliefweb.int/search/results?search=%22ROSEA+Mozambique+Floods+Flash+Update%239%22,ReliefWeb exact-title search,cyclone-idai-2019/ROSEA_20190325_Mozambique Floods_Flash_Update#9 Final.pdf,0b10a89df076beef7567cc5934bcc5769cdc1424273b64b07182f9f954f9e72f,manual-cyclone-idai-2019-rosea-20190325-mozambique-floods-flash-update-9-final-pdf,10539,20000,10539,0,1,
22,cyclone-idai-2019,ROSEA Mozambique Floods Flash Update#10,OCHA,2019-03-26,2019-03-26,0,https://reliefweb.int/search/results?search=%22ROSEA+Mozambique+Floods+Flash+Update%2310%22,ReliefWeb exact-title search,cyclone-idai-2019/ROSEA_20190326_Mozambique Floods_Flash_Update#10 FINAL.pdf,278300d82748ea2a60e2b7238011431f34c2c68515908587e344e64ab76e8495,manual-cyclone-idai-2019-rosea-20190326-mozambique-floods-flash-update-10-final-pdf,6971,20000,6971,0,1,
23,cyclone-idai-2019,ROSEA Mozambique Floods Flash Update#11,OCHA,2019-03-27,2019-03-27,0,https://reliefweb.int/search/results?search=%22ROSEA+Mozambique+Floods+Flash+Update%2311%22,ReliefWeb exact-title search,cyclone-idai-2019/ROSEA_20190327_Mozambique Floods_Flash_Update#11 FINAL ...pdf,84463b90503f6ea39ea4f32c9e84eef720c89362a1ebb06ba65971bfd3b9d386,manual-cyclone-idai-2019-rosea-20190327-mozambique-floods-flash-update-11-final-pdf,12228,20000,12228,0,1,
24,cyclone-idai-2019,ZIMBABWE Sitrep#1,OCHA,2019-03-27,2019-03-27,0,https://reliefweb.int/search/results?search=%22ZIMBABWE+Sitrep%231%22,ReliefWeb exact-title search,cyclone-idai-2019/ZIMBABWE_20190327_Sitrep#1.pdf,0e37e1d6b3f85c7561c4a03804013a2d6333afd8c22c6b196ec0487cffad85fa,manual-cyclone-idai-2019-zimbabwe-20190327-sitrep-1-pdf,25140,20000,20000,1,1,
25,cyclone-idai-2019,ROSEA Mozambique Floods Flash Update#12,OCHA,2019-03-28,2019-03-28,0,https://reliefweb.int/search/results?search=%22ROSEA+Mozambique+Floods+Flash+Update%2312%22,ReliefWeb exact-title search,cyclone-idai-2019/ROSEA_20190328_Mozambique Floods_Flash_Update#12 FINAL.pdf,b5eee8fca33356174595aa2b34899e373c4989c9ec2f0bdde07262576f4e665f,manual-cyclone-idai-2019-rosea-20190328-mozambique-floods-flash-update-12-final-pdf,11002,20000,11002,0,1,
26,cyclone-idai-2019,ROSEA Mozambique Floods Flash Update#13,OCHA,2019-03-29,2019-03-29,0,https://reliefweb.int/search/results?search=%22ROSEA+Mozambique+Floods+Flash+Update%2313%22,ReliefWeb exact-title search,cyclone-idai-2019/ROSEA_20190329_Mozambique Floods_Flash_Update#13 FINAL...pdf,8c434cf2607d829df56b7e8e34edcbc51e57b035ef038a5bee55e74ae747ba6c,manual-cyclone-idai-2019-rosea-20190329-mozambique-floods-flash-update-13-final-pdf,8868,20000,8868,0,1,
27,cyclone-idai-2019,ROSEA Mozambique Floods Flash Update#14,OCHA,2019-03-30,2019-03-30,0,https://reliefweb.int/search/results?search=%22ROSEA+Mozambique+Floods+Flash+Update%2314%22,ReliefWeb exact-title search,cyclone-idai-2019/ROSEA_20190330_Mozambique Floods_Flash_Update#14 FINAL ....pdf,bdeb7c7eb1851c5fd78c59f64c0f28eb147e9614cfc3c1844aa9f68222bdcd66,manual-cyclone-idai-2019-rosea-20190330-mozambique-floods-flash-update-14-final-pdf,9363,20000,9363,0,1,
28,cyclone-idai-2019,logistics sector zimbabwe situation update 190330,WFP,2019-03-30,2019-03-30,0,https://reliefweb.int/search/results?search=%22logistics+sector+zimbabwe+situation+update+190330%22,ReliefWeb exact-title search,cyclone-idai-2019/logistics_sector_zimbabwe_situation_update_190330.pdf,de73774470fa66d9f2e36d8f2055eaf98d94e97c146ab0bd8b5b90d3ef0c9cb5,manual-cyclone-idai-2019-logistics-sector-zimbabwe-situation-update-190330-pdf,4222,20000,4222,0,1,
29,cyclone-idai-2019,ROSEA Mozambique Floods Flash Update#15,OCHA,2019-04-01,2019-04-01,0,https://reliefweb.int/search/results?search=%22ROSEA+Mozambique+Floods+Flash+Update%2315%22,ReliefWeb exact-title search,cyclone-idai-2019/ROSEA_20190401_Mozambique Floods_Flash_Update#15 FINAL.pdf,f290f4e83a37d90c2291b26a6ac19e47069eeb1999820586b56026de0c1f33cc,manual-cyclone-idai-2019-rosea-20190401-mozambique-floods-flash-update-15-final-pdf,7518,20000,7518,0,1,
30,cyclone-idai-2019,"MOZAMBIQUE CYLONE IDAI & FLOODS, SITUATION REPORT NO.1 02 April 2019",OCHA,2019-04-02,2019-04-02,0,https://reliefweb.int/search/results?search=%22MOZAMBIQUE+CYLONE+IDAI+%26+FLOODS%2C+SITUATION+REPORT+NO.1+02+April+2019%22,ReliefWeb exact-title search,"cyclone-idai-2019/MOZAMBIQUE CYLONE IDAI & FLOODS, SITUATION REPORT NO.1 02 April 2019 ..pdf",096dccbca1bc7e5dd5016bddc85e8aa1e63b0f2aa50546fc727daeca193d14e4,manual-cyclone-idai-2019-mozambique-cylone-idai-floods-situation-report-no-1-02-april-2,28013,20000,20000,1,1,
31,cyclone-idai-2019,MOZAMBIQUE CYCLONE IDAI & FLOODS SITUATION REPORT NO.2 03 April 2019,OCHA,2019-04-03,2019-04-03,0,https://reliefweb.int/search/results?search=%22MOZAMBIQUE+CYCLONE+IDAI+%26+FLOODS+SITUATION+REPORT+NO.2+03+April+2019%22,ReliefWeb exact-title search,cyclone-idai-2019/MOZAMBIQUE CYCLONE IDAI & FLOODS SITUATION REPORT NO.2 03 April 2019 FINAL ...pdf,8efa6c7c7aee07b693cb9c0952aac6a7771a2d4c18eb3bffe23ad1e1bc466078,manual-cyclone-idai-2019-mozambique-cyclone-idai-floods-situation-report-no-2-03-april,29830,20000,20000,1,1,
32,cyclone-idai-2019,DREF operation Operation n° MDRZW014,IFRC,2019-04-04,2019-04-04,0,https://reliefweb.int/search/results?search=%22DREF+operation+Operation+n%C2%B0+MDRZW014%22,ReliefWeb exact-title search,cyclone-idai-2019/MDRZW014dfr.pdf,5892f305f7837a633b42d9c6be690b6c9a832483a0d060b8df7e21d12adccc22,manual-cyclone-idai-2019-mdrzw014dfr-pdf,39767,20000,20000,1,1,
33,cyclone-idai-2019,MOZAMBIQUE CYCLONE IDAI & FLOODS SITUATION REPORT NO 3 04 APRIL 2019,OCHA,2019-04-04,2019-04-04,0,https://reliefweb.int/search/results?search=%22MOZAMBIQUE+CYCLONE+IDAI+%26+FLOODS+SITUATION+REPORT+NO+3+04+APRIL+2019%22,ReliefWeb exact-title search,cyclone-idai-2019/MOZAMBIQUE CYCLONE IDAI & FLOODS SITUATION REPORT NO 3. 04 APRIL 2019 FINAL.pdf,a5f2ff3e0165f927aff3796288b6c237ff43b3f36b88f2ec7e5c60906521c026,manual-cyclone-idai-2019-mozambique-cyclone-idai-floods-situation-report-no-3-04-april,30457,20000,20000,1,1,
34,cyclone-idai-2019,MOZAMBIQUE CYLONE IDAI FLOODS SITUATION REPORT NO4 06April2019,OCHA,2019-04-06,2019-04-06,0,https://reliefweb.int/search/results?search=%22MOZAMBIQUE+CYLONE+IDAI+FLOODS+SITUATION+REPORT+NO4+06April2019%22,ReliefWeb exact-title search,cyclone-idai-2019/MOZAMBIQUE_CYLONE_IDAI_FLOODS_SITUATION_REPORT_NO4_06April2019.pdf,0ed0a390a6a398d37f041ebf3b2c86cee8fd0a6fab14e2b774e195df58c074d5,manual-cyclone-idai-2019-mozambique-cylone-idai-floods-situation-report-no4-06april2019,34301,20000,20000,1,1,
35,cyclone-idai-2019,ROSEA Mozambique SitRep #5 6 April,OCHA,2019-04-07,2019-04-07,0,https://reliefweb.int/search/results?search=%22ROSEA+Mozambique+SitRep+%235+6+April%22,ReliefWeb exact-title search,cyclone-idai-2019/ROSEA_20190407_Mozambique SitRep #5_6 April.pdf,6570635f61609c1a92a920c69700b309eb4b65aa82295d884b0c7d7f8183d80b,manual-cyclone-idai-2019-rosea-20190407-mozambique-sitrep-5-6-april-pdf,30388,20000,20000,1,1,
36,cyclone-idai-2019,IOM Mozambique Cyclone Idai Response sitrep 3 04 08 April 2019,IOM,2019-04-08,2019-04-08,0,https://reliefweb.int/search/results?search=%22IOM+Mozambique+Cyclone+Idai+Response+sitrep+3+04+08+April+2019%22,ReliefWeb exact-title search,cyclone-idai-2019/IOM Mozambique- Cyclone Idai Response sitrep 3- 04-08 April 2019-final-compressed.pdf,a71c06ce949eb13c57609b06bd0807205aa37c2eb30aeb25a8df65a65e06723e,manual-cyclone-idai-2019-iom-mozambique-cyclone-idai-response-sitrep-3-04-08-april-2019,10421,20000,10421,0,1,
37,cyclone-idai-2019,ROSEA Mozambique SitRep#6 7April,OCHA,2019-04-08,2019-04-08,0,https://reliefweb.int/search/results?search=%22ROSEA+Mozambique+SitRep%236+7April%22,ReliefWeb exact-title search,cyclone-idai-2019/ROSEA_20190408_Mozambique_SitRep#6_7April.pdf,8dc30cd0703382a182100d0850d8bda6eb00f56bd27a9545affbbb71c29e2ea5,manual-cyclone-idai-2019-rosea-20190408-mozambique-sitrep-6-7april-pdf,28535,20000,20000,1,1,
38,cyclone-idai-2019,ROSEA Mozambique SitRep #7 8 April final,OCHA,2019-04-09,2019-04-09,0,https://reliefweb.int/search/results?search=%22ROSEA+Mozambique+SitRep+%237+8+April+final%22,ReliefWeb exact-title search,cyclone-idai-2019/ROSEA_20190409_Mozambique SitRep #7_8 April_final for upload.pdf,7e0758900a865a8d477b0b5a213bb44234db1a1be6296df0152bba3eec8df13b,manual-cyclone-idai-2019-rosea-20190409-mozambique-sitrep-7-8-april-final-for-upload-pd,29332,20000,20000,1,1,
39,cyclone-idai-2019,ROSEA Mozambique SitRep #8 9 April,OCHA,2019-04-10,2019-04-10,0,https://reliefweb.int/search/results?search=%22ROSEA+Mozambique+SitRep+%238+9+April%22,ReliefWeb exact-title search,cyclone-idai-2019/ROSEA_20190410_Mozambique SitRep #8_9 April.pdf,e3f7d2df43c86629927e47b456c68bc052e1174ce1f149733df09944a774b6fd,manual-cyclone-idai-2019-rosea-20190410-mozambique-sitrep-8-9-april-pdf,25064,20000,20000,1,1,
40,cyclone-idai-2019,Zimbabwe Sitrep 2 10 April 2019,OCHA,2019-04-10,2019-04-10,0,https://reliefweb.int/search/results?search=%22Zimbabwe+Sitrep+2+10+April+2019%22,ReliefWeb exact-title search,cyclone-idai-2019/Zimbabwe_Sitrep 2_10 April 2019.pdf,74830f817376240ad39504ff3f5f8ff72bdb45d28127f61a4845efb6d84e782f,manual-cyclone-idai-2019-zimbabwe-sitrep-2-10-april-2019-pdf,29594,20000,20000,1,1,
41,cyclone-idai-2019,ROSEA Mozambique SitRep,OCHA,2019-04-11,2019-04-11,0,https://reliefweb.int/search/results?search=%22ROSEA+Mozambique+SitRep%22,ReliefWeb exact-title search,cyclone-idai-2019/ROSEA_20190411_Mozambique SitRep .pdf,f334b825e55873b2b7f19faad30b91b1b0a44dc1ab3cfa836a0d8b2ddb8ec120,manual-cyclone-idai-2019-rosea-20190411-mozambique-sitrep-pdf,25249,20000,20000,1,1,
42,cyclone-idai-2019,UNICEF Mozambique Humanitarian Situation Report #5 Cyclone Idai Response,UNICEF,2019-04-11,2019-04-11,0,https://reliefweb.int/search/results?search=%22UNICEF+Mozambique+Humanitarian+Situation+Report+%235+Cyclone+Idai+Response%22,ReliefWeb exact-title search,cyclone-idai-2019/UNICEF Mozambique Humanitarian Situation Report #5  Cyclone Idai Response.pdf,68f56ee9f6bc7237646aeb3e2a074284150534ba3d6d93aa57fb77956ae16605,manual-cyclone-idai-2019-unicef-mozambique-humanitarian-situation-report-5-cyclone-idai,26765,20000,20000,1,1,
43,cyclone-idai-2019,ROSEA Mozambique SitRep #11 12 April for upload,OCHA,2019-04-13,2019-04-13,0,https://reliefweb.int/search/results?search=%22ROSEA+Mozambique+SitRep+%2311+12+April+for+upload%22,ReliefWeb exact-title search,cyclone-idai-2019/ROSEA_20190413_Mozambique SitRep #11_12 April_for upload.pdf,775fc53f2e827b20cb64aba8837e12bd1adae8dbe8a17f3cc3c50cbbf4a29f79,manual-cyclone-idai-2019-rosea-20190413-mozambique-sitrep-11-12-april-for-upload-pdf,26084,20000,20000,1,1,
44,cyclone-idai-2019,ROSEA Mozambique SitRep 12 13 April,OCHA,2019-04-14,2019-04-14,0,https://reliefweb.int/search/results?search=%22ROSEA+Mozambique+SitRep+12+13+April%22,ReliefWeb exact-title search,cyclone-idai-2019/ROSEA_20190414_Mozambique_SitRep 12_13 April.pdf,c8614698abac44fddf0769e6d877e59ad115eb19ca74f55e06dcf1a179cd734f,manual-cyclone-idai-2019-rosea-20190414-mozambique-sitrep-12-13-april-pdf,23122,20000,20000,1,1,
45,cyclone-idai-2019,ROSEA Mozambique SitRep 14 15 April,OCHA,2019-04-16,2019-04-16,0,https://reliefweb.int/search/results?search=%22ROSEA+Mozambique+SitRep+14+15+April%22,ReliefWeb exact-title search,cyclone-idai-2019/ROSEA_20190416_Mozambique_SitRep 14_15 April for upload.pdf,5ab16152d014e2ba3b8b29b6fc8d12e624dddf124002268e778ea07ff5657b99,manual-cyclone-idai-2019-rosea-20190416-mozambique-sitrep-14-15-april-for-upload-pdf,23535,20000,20000,1,1,
46,cyclone-idai-2019,ROSEA Mozambique SitRep 16 as of 18 April 2019,OCHA,2019-04-18,2019-04-18,0,https://reliefweb.int/search/results?search=%22ROSEA+Mozambique+SitRep+16+as+of+18+April+2019%22,ReliefWeb exact-title search,cyclone-idai-2019/ROSEA_20190418_Mozambique_SitRep 16_as of 18 April 2019. FINAL.pdf,a1f341e529288a32b3e84ddbbb62f4bc2f9cd500efeef6471f68df15502336f4,manual-cyclone-idai-2019-rosea-20190418-mozambique-sitrep-16-as-of-18-april-2019-final,29679,20000,20000,1,1,
47,cyclone-idai-2019,UNICEF Mozambique Humanitarian Situation Report No 6 as of 19 April 2019,UNICEF,2019-04-19,2019-04-19,0,https://reliefweb.int/search/results?search=%22UNICEF+Mozambique+Humanitarian+Situation+Report+No+6+as+of+19+April+2019%22,ReliefWeb exact-title search,cyclone-idai-2019/UNICEF Mozambique Humanitarian Situation Report No. 6 - as of 19 April 2019.pdf,84c481a146de903dbbb71e1d8438eaaf5aa4d0ffbebe1a5def9c424b544ae11b,manual-cyclone-idai-2019-unicef-mozambique-humanitarian-situation-report-no-6-as-of-19,32425,20000,20000,1,1,
48,cyclone-idai-2019,WHOSitRep3Mozambique19April2019,WHO,2019-04-19,2019-04-19,0,https://reliefweb.int/search/results?search=%22WHOSitRep3Mozambique19April2019%22,ReliefWeb exact-title search,cyclone-idai-2019/WHOSitRep3Mozambique19April2019.pdf,9fca5918f5e002f3d70e92d78ee5cce091635c509783b53415300b7a242ff103,manual-cyclone-idai-2019-whositrep3mozambique19april2019-pdf,15762,20000,15762,0,1,
49,cyclone-idai-2019,ROSEA Mozambique SitRep17 as of 20April2019 for upload,OCHA,2019-04-20,2019-04-20,0,https://reliefweb.int/search/results?search=%22ROSEA+Mozambique+SitRep17+as+of+20April2019+for+upload%22,ReliefWeb exact-title search,cyclone-idai-2019/ROSEA_20190420_Mozambique_SitRep17_as_of_20April2019_for_upload.pdf,dc1019291396f14a5965c44b572d0723629e5641342f1a9ff84ceb5420a0ef10,manual-cyclone-idai-2019-rosea-20190420-mozambique-sitrep17-as-of-20april2019-for-uploa,23959,20000,20000,1,1,
50,cyclone-idai-2019,ROSEA Mozambique SitRep 18 as of 22 April 2019,OCHA,2019-04-22,2019-04-22,0,https://reliefweb.int/search/results?search=%22ROSEA+Mozambique+SitRep+18+as+of+22+April+2019%22,ReliefWeb exact-title search,cyclone-idai-2019/ROSEA_20190422_Mozambique_SitRep 18_as of 22 April 2019.pdf,24e31ab18aff01cdc1469be2d5fff46d56fb415c11c672f720b932b3355d7ad6,manual-cyclone-idai-2019-rosea-20190422-mozambique-sitrep-18-as-of-22-april-2019-pdf,29598,20000,20000,1,1,
51,cyclone-idai-2019,Zimbabwe Sitrep4 24April2019,OCHA,2019-04-24,2019-04-24,0,https://reliefweb.int/search/results?search=%22Zimbabwe+Sitrep4+24April2019%22,ReliefWeb exact-title search,cyclone-idai-2019/Zimbabwe_Sitrep4_24April2019.pdf,a018fcbebf1965eb44376029e89131c6c11bfacb7b4accbc16c2aca960494441,manual-cyclone-idai-2019-zimbabwe-sitrep4-24april2019-pdf,34658,20000,20000,1,1,
52,cyclone-idai-2019,ROSEA Mozambique SitRep 19 as of 29 April 2019 for upload,OCHA,2019-04-29,2019-04-29,0,https://reliefweb.int/search/results?search=%22ROSEA+Mozambique+SitRep+19+as+of+29+April+2019+for+upload%22,ReliefWeb exact-title search,cyclone-idai-2019/ROSEA_20190429_Mozambique_SitRep 19_as of 29 April 2019_for upload.pdf,6467dce454b31f356e9896ffb1ee6c0548a9ffb3ad7d7440b230de3665e8938b,manual-cyclone-idai-2019-rosea-20190429-mozambique-sitrep-19-as-of-29-april-2019-for-up,37273,20000,20000,1,1,
53,cyclone-idai-2019,UNICEF Mozambique Humanitarian Situation Report No 7 (Cyclone Idai) as of 01 May 2019,UNICEF,2019-05-01,2019-05-01,0,https://reliefweb.int/search/results?search=%22UNICEF+Mozambique+Humanitarian+Situation+Report+No+7+%28Cyclone+Idai%29+as+of+01+May+2019%22,ReliefWeb exact-title search,cyclone-idai-2019/UNICEF Mozambique Humanitarian Situation Report No. 7 (Cyclone Idai) - as of 01 May 2019.pdf,38ff88746b8a62198bf8e76435fe367209bfc2734524fc985cd1b12857709c08,manual-cyclone-idai-2019-unicef-mozambique-humanitarian-situation-report-no-7-cyclone-i,28570,20000,20000,1,1,
54,cyclone-idai-2019,ROSEA Mozambique SitRep 20 as of 6 May 2019 for upload,OCHA,2019-05-06,2019-05-06,0,https://reliefweb.int/search/results?search=%22ROSEA+Mozambique+SitRep+20+as+of+6+May+2019+for+upload%22,ReliefWeb exact-title search,cyclone-idai-2019/ROSEA_20190506_Mozambique_SitRep 20_as of 6 May 2019_for upload.pdf,45fd451c172d2ddd929c618f24e8ac1dd452439745727e25f6ed5477ea3895e6,manual-cyclone-idai-2019-rosea-20190506-mozambique-sitrep-20-as-of-6-may-2019-for-uploa,38470,20000,20000,1,1,
55,cyclone-idai-2019,who sitrep 6 mozambique 10 may 2019,WHO,2019-05-10,2019-05-10,0,https://reliefweb.int/search/results?search=%22who+sitrep+6+mozambique+10+may+2019%22,ReliefWeb exact-title search,cyclone-idai-2019/who_sitrep_6_mozambique_10_may_2019.pdf,af2d38735b1b6d6c50a4afbe1aba6378bc4507067f79416dc83d1fb80b9fe8c8,manual-cyclone-idai-2019-who-sitrep-6-mozambique-10-may-2019-pdf,26150,20000,20000,1,1,
56,cyclone-idai-2019,ROSEA Mozambique SitRep 21 as of 13 May 2019 for upload,OCHA,2019-05-13,2019-05-13,0,https://reliefweb.int/search/results?search=%22ROSEA+Mozambique+SitRep+21+as+of+13+May+2019+for+upload%22,ReliefWeb exact-title search,cyclone-idai-2019/ROSEA_20190513_Mozambique_SitRep 21_as of 13 May 2019_for upload.pdf,794a705dbc27566a95b7a3e6cc65e68cda6bfca2a95b9ccec118affea0221a7c,manual-cyclone-idai-2019-rosea-20190513-mozambique-sitrep-21-as-of-13-may-2019-for-uplo,32035,20000,20000,1,1,
57,cyclone-idai-2019,ROSEA Mozambique SitRep 22 as of 20 May for upload,OCHA,2019-05-20,2019-05-20,0,https://reliefweb.int/search/results?search=%22ROSEA+Mozambique+SitRep+22+as+of+20+May+for+upload%22,ReliefWeb exact-title search,cyclone-idai-2019/ROSEA_20190520_Mozambique_SitRep 22_as of 20 May_for upload.pdf,c0f33172dde93c4e66a026e93bdcc8dff1e4f3369c19c727567a780be01b1e61,manual-cyclone-idai-2019-rosea-20190520-mozambique-sitrep-22-as-of-20-may-for-upload-pd,29674,20000,20000,1,1,
58,cyclone-idai-2019,Emergency Appeal n° MDRMZ014 GLIDE n° TC-2019-000021-MOZ,IFRC,2019-06-24,2019-06-24,0,https://reliefweb.int/search/results?search=%22Emergency+Appeal+n%C2%B0+MDRMZ014+GLIDE+n%C2%B0+TC-2019-000021-MOZ%22,ReliefWeb exact-title search,cyclone-idai-2019/MDRMZ014ou2.pdf,3e15ae341eb289c12a8c5d47e4187e4120967c7c86dddff9cfc8db9b02f8c1d8,manual-cyclone-idai-2019-mdrmz014ou2-pdf,103272,20000,20000,1,1,
59,cyclone-idai-2019,SA Cyclone and Flooding Snapshot,OCHA,2019-07-10,2019-07-10,0,https://reliefweb.int/search/results?search=%22SA+Cyclone+and+Flooding+Snapshot%22,ReliefWeb exact-title search,cyclone-idai-2019/SA_Cyclone_and_Flooding_Snapshot_10072019.pdf,49cd53fadaad3311624953be4e68bc50ad021ac02d4c5356d0872eae1bb5422d,manual-cyclone-idai-2019-sa-cyclone-and-flooding-snapshot-10072019-pdf,4410,20000,4410,0,1,
60,hurricane-irma-2017,HurricanIrma EMT SITREP 01,,2017-09-07,,1,https://reliefweb.int/search/results?search=%22HurricanIrma+EMT+SITREP+01%22,ReliefWeb exact-title search,hurricane-irma-2017/HurricanIrma_EMT_SITREP_01.pdf,a8c3af3ba3c667275bb6c1608e48f0fad2ec70a4b7758c257a24dd33c79e8d7c,manual-hurricane-irma-2017-hurricanirma-emt-sitrep-01-pdf,6259,20000,6259,0,1,
61,hurricane-irma-2017,SitRep 1 Hurricane Irma UNS Cuba 0709017en,OCHA,2017-09-07,,1,https://reliefweb.int/search/results?search=%22SitRep+1+Hurricane+Irma+UNS+Cuba+0709017en%22,ReliefWeb exact-title search,hurricane-irma-2017/SitRep 1 Hurricane Irma UNS Cuba 0709017en.pdf,961236f5ef660cd18f111fa9f2c1df8a2abaf900c97d3f44c7412ee6694fc3dc,manual-hurricane-irma-2017-sitrep-1-hurricane-irma-uns-cuba-0709017en-pdf,17510,20000,17510,0,1,
62,hurricane-irma-2017,SitRep 3 Hurricane Irma UNS Cuba 0909017en,OCHA,2017-09-09,,1,https://reliefweb.int/search/results?search=%22SitRep+3+Hurricane+Irma+UNS+Cuba+0909017en%22,ReliefWeb exact-title search,hurricane-irma-2017/SitRep 3 Hurricane Irma UNS Cuba 0909017en.pdf,9538cd7896031d371fe3fc00b9f76f366f41f5e2bea4062e849c0a56b76e7930,manual-hurricane-irma-2017-sitrep-3-hurricane-irma-uns-cuba-0909017en-pdf,24278,20000,20000,1,1,
63,hurricane-irma-2017,cdema sitrep 6 hurricane irma,,2017-09-13,,1,https://reliefweb.int/search/results?search=%22cdema+sitrep+6+hurricane+irma%22,ReliefWeb exact-title search,hurricane-irma-2017/cdema_sitrep_6_hurricane_irma.pdf,fce59fad9729b8250fecd454db9895345f53873fbb256331bd78d4251bc93718,manual-hurricane-irma-2017-cdema-sitrep-6-hurricane-irma-pdf,26432,20000,20000,1,1,
64,hurricane-irma-2017,OCHA Regional Sitrep 1 Hurricane Irma ENG,OCHA,2017-09-06,2017-09-06,0,https://reliefweb.int/search/results?search=%22OCHA+Regional+Sitrep+1+Hurricane+Irma+ENG%22,ReliefWeb exact-title search,hurricane-irma-2017/OCHA-Regional-Sitrep 1 - Hurricane Irma-ENG-20170906.pdf,d2d02b262c830f7e227651af8e9bb4b0994077e0d3d4ff7c3e814b4a6114656b,manual-hurricane-irma-2017-ocha-regional-sitrep-1-hurricane-irma-eng-20170906-pdf,13801,20000,13801,0,1,
65,hurricane-irma-2017,UNICEF Eastern Caribbean Humanitarian SitRep #1 6 September 2017,UNICEF,2017-09-06,2017-09-06,0,https://reliefweb.int/search/results?search=%22UNICEF+Eastern+Caribbean+Humanitarian+SitRep+%231+6+September+2017%22,ReliefWeb exact-title search,hurricane-irma-2017/UNICEF Eastern Caribbean Humanitarian SitRep #1 - 6 September 2017.pdf,09aad400800d13d7a69822486dca605732fc7581c8f4c05472732495fe44fc83,manual-hurricane-irma-2017-unicef-eastern-caribbean-humanitarian-sitrep-1-6-september-2,12182,20000,12182,0,1,
66,hurricane-irma-2017,"Humanity Road Hurricane Irma Sitrep No 2, Sep 7, 2017",,2017-09-07,2017-09-07,0,https://reliefweb.int/search/results?search=%22Humanity+Road+Hurricane+Irma+Sitrep+No+2%2C+Sep+7%2C+2017%22,ReliefWeb exact-title search,"hurricane-irma-2017/Humanity Road Hurricane Irma Sitrep No 2, Sep 7, 2017.pdf",21bd06cf59d311babab201c428872cadc12efefa530eb8fdc604964be5fbe56e,manual-hurricane-irma-2017-humanity-road-hurricane-irma-sitrep-no-2-sep-7-2017-pdf,46613,20000,20000,1,1,
67,hurricane-irma-2017,OCHA Regional Sitrep 2 Hurricane Irma ESP,OCHA,2017-09-07,2017-09-07,0,https://reliefweb.int/search/results?search=%22OCHA+Regional+Sitrep+2+Hurricane+Irma+ESP%22,ReliefWeb exact-title search,hurricane-irma-2017/OCHA-Regional-Sitrep 2 - Hurricane Irma-ESP-20170907 (2).pdf,bcbfac47b4cc48634642dff1f8914f1993df977605fc9d327f59ea86e94c835a,manual-hurricane-irma-2017-ocha-regional-sitrep-2-hurricane-irma-esp-20170907-2-pdf,29673,20000,20000,1,1,
68,hurricane-irma-2017,"Humanity Road Hurricane Irma Sitrep No 3, Sep 8, 2017",,2017-09-08,2017-09-08,0,https://reliefweb.int/search/results?search=%22Humanity+Road+Hurricane+Irma+Sitrep+No+3%2C+Sep+8%2C+2017%22,ReliefWeb exact-title search,"hurricane-irma-2017/Humanity Road Hurricane Irma Sitrep No 3, Sep 8, 2017.pdf",2055a4a673ffcac70344ba69d534caf9f9ea5891ca027b96b39f6ce8d88afb31,manual-hurricane-irma-2017-humanity-road-hurricane-irma-sitrep-no-3-sep-8-2017-pdf,64224,20000,20000,1,1,
69,hurricane-irma-2017,OCHA Regional Sitrep 3 Hurricane Irma ESP,OCHA,2017-09-08,2017-09-08,0,https://reliefweb.int/search/results?search=%22OCHA+Regional+Sitrep+3+Hurricane+Irma+ESP%22,ReliefWeb exact-title search,hurricane-irma-2017/OCHA-Regional-Sitrep 3 - Hurricane Irma-ESP-20170908 (1).pdf,a4ca25b191c154af2bb134bd44b05772fc91d2cc6abbb4665a2b6d509dca3ab8,manual-hurricane-irma-2017-ocha-regional-sitrep-3-hurricane-irma-esp-20170908-1-pdf,33037,20000,20000,1,1,
70,hurricane-irma-2017,OCHA Regional Sitrep 3 Hurricane Irma ESP,OCHA,2017-09-08,2017-09-08,0,https://reliefweb.int/search/results?search=%22OCHA+Regional+Sitrep+3+Hurricane+Irma+ESP%22,ReliefWeb exact-title search,hurricane-irma-2017/OCHA-Regional-Sitrep 3 - Hurricane Irma-ESP-20170908.pdf,e03caf3916d69e03d3e994e372d8c324d61cdf59c51adaa6c47d46e96a1127fb,manual-hurricane-irma-2017-ocha-regional-sitrep-3-hurricane-irma-esp-20170908-pdf,29447,20000,20000,1,1,
71,hurricane-irma-2017,SitRep 2 Huracán Irma SNU Cuba 080917,OCHA,2017-09-08,2017-09-08,0,https://reliefweb.int/search/results?search=%22SitRep+2+Hurac%C3%A1n+Irma+SNU+Cuba+080917%22,ReliefWeb exact-title search,hurricane-irma-2017/SitRep 2 Huracán Irma SNU Cuba 080917.pdf,6e59bff10cc06e406f2de9740324fb6c952dff7ea546f8c9b3ece011ce936ab1,manual-hurricane-irma-2017-sitrep-2-huracán-irma-snu-cuba-080917-pdf,23355,20000,20000,1,1,
72,hurricane-irma-2017,UNICEF East Caribbean Humanitarian Situation Report 8 September 2017,UNICEF,2017-09-08,2017-09-08,0,https://reliefweb.int/search/results?search=%22UNICEF+East+Caribbean+Humanitarian+Situation+Report+8+September+2017%22,ReliefWeb exact-title search,hurricane-irma-2017/UNICEF East Caribbean Humanitarian Situation Report 8 September 2017.pdf,7c45c17c8c25d8828e09b0247b906a733ffd1dcea54468e3d7960ed3771dc3dc,manual-hurricane-irma-2017-unicef-east-caribbean-humanitarian-situation-report-8-septem,7469,20000,7469,0,1,
73,hurricane-irma-2017,WFP Hurricane Irma External Situation Report #03 (08 September 2017),WFP,2017-09-08,2017-09-08,0,https://reliefweb.int/search/results?search=%22WFP+Hurricane+Irma+External+Situation+Report+%2303+%2808+September+2017%29%22,ReliefWeb exact-title search,hurricane-irma-2017/WFP Hurricane Irma External Situation Report #03 (08 September 2017).pdf,f0a91570427cf0ad605c90eb4e2f8ff490732c925f599585f0de0e4f6703db1a,manual-hurricane-irma-2017-wfp-hurricane-irma-external-situation-report-03-08-september,3599,20000,3599,0,1,
74,hurricane-irma-2017,OCHA Regional Sitrep 4 Hurricane Irma ENG,OCHA,2017-09-10,2017-09-10,0,https://reliefweb.int/search/results?search=%22OCHA+Regional+Sitrep+4+Hurricane+Irma+ENG%22,ReliefWeb exact-title search,hurricane-irma-2017/OCHA-Regional-Sitrep 4 - Hurricane Irma-ENG-20170910.pdf,5fbebcc1f2dc3c72883377056e3e60b6db56fe312b847f80626fa17ecc84407e,manual-hurricane-irma-2017-ocha-regional-sitrep-4-hurricane-irma-eng-20170910-pdf,44525,20000,20000,1,1,
75,hurricane-irma-2017,CU Irma impact on CUBA byOCHA eng,OCHA,2017-09-13,2017-09-13,0,https://reliefweb.int/search/results?search=%22CU+Irma+impact+on+CUBA+byOCHA+eng%22,ReliefWeb exact-title search,hurricane-irma-2017/20170913-CU-Irma impact on CUBA-byOCHA-eng.pdf,b0b24eef4da7dab28103b4c407087edb1db5623956859c6b90b6d09708652bd9,manual-hurricane-irma-2017-20170913-cu-irma-impact-on-cuba-byocha-eng-pdf,2361,20000,2361,0,1,
76,hurricane-irma-2017,OCHA Regional Sitrep 5 Hurricane Irma SPA,OCHA,2017-09-13,2017-09-13,0,https://reliefweb.int/search/results?search=%22OCHA+Regional+Sitrep+5+Hurricane+Irma+SPA%22,ReliefWeb exact-title search,hurricane-irma-2017/OCHA-Regional-Sitrep 5 - Hurricane Irma-SPA-20170913.pdf,5d952dd71f831c5e443c27b844334966f9e1150715cb791e1be0758017046514,manual-hurricane-irma-2017-ocha-regional-sitrep-5-hurricane-irma-spa-20170913-pdf,54768,20000,20000,1,1,
77,hurricane-irma-2017,OCHA Regional Sitrep 6 Hurricane Irma ENG,OCHA,2017-09-15,2017-09-15,0,https://reliefweb.int/search/results?search=%22OCHA+Regional+Sitrep+6+Hurricane+Irma+ENG%22,ReliefWeb exact-title search,hurricane-irma-2017/OCHA-Regional-Sitrep 6 - Hurricane Irma-ENG-20170915.pdf,05edfa29e5ab84cb16bfb1ab072bbeab48440bc7e9d80dc6188735cbe0c37bec,manual-hurricane-irma-2017-ocha-regional-sitrep-6-hurricane-irma-eng-20170915-pdf,48186,20000,20000,1,1,
78,hurricane-irma-2017,CU Irma update sectors byROLAC ENG,OCHA,2017-09-16,2017-09-16,0,https://reliefweb.int/search/results?search=%22CU+Irma+update+sectors+byROLAC+ENG%22,ReliefWeb exact-title search,hurricane-irma-2017/20170916-CU-Irma update sectors-byROLAC-ENG.PDF,0b7838b75ef03b4828a4c9e301d4aebfe6ae42391152d3002e7367c37603c6fa,manual-hurricane-irma-2017-20170916-cu-irma-update-sectors-byrolac-eng-pdf,1909,20000,1909,0,1,
79,hurricane-maria-2017,CDEMA Situation Report #8 Hurricane Maria,OCHA,2017-10-04,,1,https://reliefweb.int/search/results?search=%22CDEMA+Situation+Report+%238+Hurricane+Maria%22,ReliefWeb exact-title search,hurricane-maria-2017/CDEMA Situation Report #8 - Hurricane Maria.pdf,c885ce709105cd9384a38a307d576fc6e0d6c7691b72d8d22fbb80c162f95eae,manual-hurricane-maria-2017-cdema-situation-report-8-hurricane-maria-pdf,19455,20000,19455,0,1,
80,hurricane-maria-2017,cdema sitrep 1 hurricane maria,OCHA,2017-09-20,,1,https://reliefweb.int/search/results?search=%22cdema+sitrep+1+hurricane+maria%22,ReliefWeb exact-title search,hurricane-maria-2017/cdema_sitrep_1_hurricane_maria.pdf,471067e9b89937ea965ce793a776455738f5c9a6146d8c45552919d70e9936ab,manual-hurricane-maria-2017-cdema-sitrep-1-hurricane-maria-pdf,28658,20000,20000,1,1,
81,hurricane-maria-2017,cdema sitrep 2 hurricane maria,,2017-09-22,,1,https://reliefweb.int/search/results?search=%22cdema+sitrep+2+hurricane+maria%22,ReliefWeb exact-title search,hurricane-maria-2017/cdema_sitrep_2_hurricane_maria.pdf,ec528211cd3dd6c97636fbac6dbbbe660fec9f82b6e36cd94e8946c4649c20d9,manual-hurricane-maria-2017-cdema-sitrep-2-hurricane-maria-pdf,20739,20000,20000,1,1,
82,hurricane-maria-2017,cdema sitrep 9 hurricane maria,OCHA,2017-10-06,,1,https://reliefweb.int/search/results?search=%22cdema+sitrep+9+hurricane+maria%22,ReliefWeb exact-title search,hurricane-maria-2017/cdema_sitrep_9_hurricane_maria.pdf,b303e7df9a3640d3666a1dfd8a1030f1f0d25487381024fe1ab9c33cd8fde1cf,manual-hurricane-maria-2017-cdema-sitrep-9-hurricane-maria-pdf,31897,20000,20000,1,1,
83,hurricane-maria-2017,OCHA Regional Sitrep 7 Hurricane Irma ENG,OCHA,2017-09-18,2017-09-18,0,https://reliefweb.int/search/results?search=%22OCHA+Regional+Sitrep+7+Hurricane+Irma+ENG%22,ReliefWeb exact-title search,hurricane-maria-2017/OCHA-Regional-Sitrep 7 - Hurricane Irma-ENG-20170918.pdf,d198fb0daa885e8f4d5f5c11343201560a8969dbbbfbba59cfd4085494423716,manual-hurricane-maria-2017-ocha-regional-sitrep-7-hurricane-irma-eng-20170918-pdf,31683,20000,20000,1,1,
84,hurricane-maria-2017,Flash Update Hurricane Maria,OCHA,2017-09-19,2017-09-19,0,https://reliefweb.int/search/results?search=%22Flash+Update+Hurricane+Maria%22,ReliefWeb exact-title search,hurricane-maria-2017/20170919 Flash Update Hurricane Maria v2.pdf,47360c0382d5840f67549310d27b33fb2133c2fa16599b0d18d1fd29204500f8,manual-hurricane-maria-2017-20170919-flash-update-hurricane-maria-v2-pdf,2990,20000,2990,0,1,
85,hurricane-maria-2017,"Humanity Road Hurricane Maria Sitrep No 1, Sep 20, 2017",,2017-09-20,2017-09-20,0,https://reliefweb.int/search/results?search=%22Humanity+Road+Hurricane+Maria+Sitrep+No+1%2C+Sep+20%2C+2017%22,ReliefWeb exact-title search,"hurricane-maria-2017/Humanity Road Hurricane Maria Sitrep No 1, Sep 20, 2017.pdf",135c0eb93b0b4abbfbfb0dffa0121c30bc61a919764a5b8e312b02b4e44cc4d0,manual-hurricane-maria-2017-humanity-road-hurricane-maria-sitrep-no-1-sep-20-2017-pdf,25391,20000,20000,1,1,
86,hurricane-maria-2017,OCHA Regional Sitrep 8 Hurricane Irma ENG,OCHA,2017-09-20,2017-09-20,0,https://reliefweb.int/search/results?search=%22OCHA+Regional+Sitrep+8+Hurricane+Irma+ENG%22,ReliefWeb exact-title search,hurricane-maria-2017/OCHA-Regional-Sitrep 8 - Hurricane Irma-ENG-20170920.pdf,b318af30cc84b0c32be2c8249c5c34a6623dfec45c233280a4afd20b96288215,manual-hurricane-maria-2017-ocha-regional-sitrep-8-hurricane-irma-eng-20170920-pdf,30851,20000,20000,1,1,
87,hurricane-maria-2017,PAHOWDC SituationReport7 Hurricane 2017 20Sept2017,OCHA,2017-09-20,2017-09-20,0,https://reliefweb.int/search/results?search=%22PAHOWDC+SituationReport7+Hurricane+2017+20Sept2017%22,ReliefWeb exact-title search,hurricane-maria-2017/PAHOWDC_SituationReport7_Hurricane 2017_20Sept2017.pdf,342c4c674bec5c4519a12621d2caa999867d57ed4f5caab5e0f5ab50a3a910e6,manual-hurricane-maria-2017-pahowdc-situationreport7-hurricane-2017-20sept2017-pdf,14826,20000,14826,0,1,
88,hurricane-maria-2017,Flash Update Dominica Hurricane Maria,OCHA,2017-09-21,2017-09-21,0,https://reliefweb.int/search/results?search=%22Flash+Update+Dominica+Hurricane+Maria%22,ReliefWeb exact-title search,hurricane-maria-2017/20170921 Flash Update Dominica Hurricane Maria.pdf,ab66d9c867fda0e019dae9b09b0df172f8cea8209a018527a229bc556b71d486,manual-hurricane-maria-2017-20170921-flash-update-dominica-hurricane-maria-pdf,5105,20000,5105,0,1,
89,hurricane-maria-2017,Hurricane Irma External SitRep#8,,2017-09-21,2017-09-21,0,https://reliefweb.int/search/results?search=%22Hurricane+Irma+External+SitRep%238%22,ReliefWeb exact-title search,hurricane-maria-2017/Hurricane Irma External SitRep#8.pdf,7f884336f392fee8dc1b7af3c9239fcbec55647c9c02b71787cd70d60b3ec59f,manual-hurricane-maria-2017-hurricane-irma-external-sitrep-8-pdf,6153,20000,6153,0,1,
90,hurricane-maria-2017,"Humanity Road Hurricane Maria Sitrep No 2, Sep 22, 2017",,2017-09-22,2017-09-22,0,https://reliefweb.int/search/results?search=%22Humanity+Road+Hurricane+Maria+Sitrep+No+2%2C+Sep+22%2C+2017%22,ReliefWeb exact-title search,"hurricane-maria-2017/Humanity Road Hurricane Maria Sitrep No 2, Sep 22, 2017.pdf",74345cb53aae565e9bf6cbf0a04ec825a168e4ebe584379afd3e5570dc3399b9,manual-hurricane-maria-2017-humanity-road-hurricane-maria-sitrep-no-2-sep-22-2017-pdf,49337,20000,20000,1,1,
91,hurricane-maria-2017,OCHA Dominica Sitrep 1 Hurricane Maria ENG,OCHA,2017-09-25,2017-09-25,0,https://reliefweb.int/search/results?search=%22OCHA+Dominica+Sitrep+1+Hurricane+Maria+ENG%22,ReliefWeb exact-title search,hurricane-maria-2017/OCHA-Dominica-Sitrep 1 - Hurricane Maria-ENG-20170925.pdf,6c77a90fc54e55b3ebf3cd20c34f5c4378fe619633201241c2020f9359289323,manual-hurricane-maria-2017-ocha-dominica-sitrep-1-hurricane-maria-eng-20170925-pdf,20443,20000,20000,1,1,
92,hurricane-maria-2017,OCHA Dominica HurricaneMaria Snapshot,OCHA,2017-09-26,2017-09-26,0,https://reliefweb.int/search/results?search=%22OCHA+Dominica+HurricaneMaria+Snapshot%22,ReliefWeb exact-title search,hurricane-maria-2017/OCHA-Dominica-HurricaneMaria-Snapshot 20170926.pdf,bd5a6ebf7eda876c3ddfa9c617f3874e5b03e1b6a32f53affc907fb5bedb16f0,manual-hurricane-maria-2017-ocha-dominica-hurricanemaria-snapshot-20170926-pdf,1411,20000,1411,0,1,
93,hurricane-maria-2017,logistics sector irma lrt situation update 170928,WFP,2017-09-28,2017-09-28,0,https://reliefweb.int/search/results?search=%22logistics+sector+irma+lrt+situation+update+170928%22,ReliefWeb exact-title search,hurricane-maria-2017/logistics_sector_irma_lrt_situation_update_170928.pdf,3739eee284d90c22f2f85c512f9da020a4abea44b425c98b635f5c70af3bf090,manual-hurricane-maria-2017-logistics-sector-irma-lrt-situation-update-170928-pdf,7664,20000,7664,0,1,
94,hurricane-maria-2017,UN Dominica SitRep No 2 2 October 2017,OCHA,2017-10-02,2017-10-02,0,https://reliefweb.int/search/results?search=%22UN+Dominica+SitRep+No+2+2+October+2017%22,ReliefWeb exact-title search,hurricane-maria-2017/UN Dominica SitRep No. 2 2 October 2017.pdf,c5a49a8e57aaaf50379c98fd902cda2427d70e7794d280696b77a73953e5c20c,manual-hurricane-maria-2017-un-dominica-sitrep-no-2-2-october-2017-pdf,27727,20000,20000,1,1,
95,hurricane-maria-2017,logistics sector irma lrt situation update 171005,WFP,2017-10-05,2017-10-05,0,https://reliefweb.int/search/results?search=%22logistics+sector+irma+lrt+situation+update+171005%22,ReliefWeb exact-title search,hurricane-maria-2017/logistics_sector_irma_lrt_situation_update_171005.pdf,256a5801396e954625c265b03719b4b11a8ff2314c0ceb47dd897edd7f4bd554,manual-hurricane-maria-2017-logistics-sector-irma-lrt-situation-update-171005-pdf,5683,20000,5683,0,1,
96,hurricane-maria-2017,OCHA Regional Sitrep 11 Hurricane Season ENG,OCHA,2017-10-06,2017-10-06,0,https://reliefweb.int/search/results?search=%22OCHA+Regional+Sitrep+11+Hurricane+Season+ENG%22,ReliefWeb exact-title search,hurricane-maria-2017/OCHA-Regional-Sitrep 11 - Hurricane Season -ENG-20171006.pdf,6af6939d15876c7ce0e93a829627aedab4215aff0358f606de94a710f892d38d,manual-hurricane-maria-2017-ocha-regional-sitrep-11-hurricane-season-eng-20171006-pdf,53060,20000,20000,1,1,
97,hurricane-maria-2017,2017107 DOM Dominica Situation Report #4 United Nations,OCHA,2017-10-07,2017-10-07,0,https://reliefweb.int/search/results?search=%222017107+DOM+Dominica+Situation+Report+%234+United+Nations%22,ReliefWeb exact-title search,hurricane-maria-2017/2017107-DOM-Dominica_Situation Report #4 United Nations.pdf,3e0bf0900f09b5948e0921b7679995ef30359f8df3e700a1b1f3686bed715ef1,manual-hurricane-maria-2017-2017107-dom-dominica-situation-report-4-united-nations-pdf,32729,20000,20000,1,1,
98,hurricane-maria-2017,171011 DOM Situation Report #5,OCHA,2017-10-11,2017-10-11,0,https://reliefweb.int/search/results?search=%22171011+DOM+Situation+Report+%235%22,ReliefWeb exact-title search,hurricane-maria-2017/171011-DOM-Situation Report #5.pdf,42c2925c82f7a78ac59e4edea274534b32ca1d51abb2a96f51e3f44a207766e3,manual-hurricane-maria-2017-171011-dom-situation-report-5-pdf,35870,20000,20000,1,1,
99,hurricane-maria-2017,DOM Situation Report #6,OCHA,2017-10-14,2017-10-14,0,https://reliefweb.int/search/results?search=%22DOM+Situation+Report+%236%22,ReliefWeb exact-title search,hurricane-maria-2017/20171014-DOM-Situation Report #6.pdf,af72a10b8113ea9d9bc9de1299e9f803544e4f0091d7f11e4dfda1ee90c4d8b6,manual-hurricane-maria-2017-20171014-dom-situation-report-6-pdf,33780,20000,20000,1,1,
100,hurricane-maria-2017,logistics sector irma lrt situation update 171015 0,WFP,2017-10-15,2017-10-15,0,https://reliefweb.int/search/results?search=%22logistics+sector+irma+lrt+situation+update+171015+0%22,ReliefWeb exact-title search,hurricane-maria-2017/logistics_sector_irma_lrt_situation_update_171015_0.pdf,94569d6f361fdf889dce7a60485b6eb171b2b44a3d10cf2976301fd9d934b003,manual-hurricane-maria-2017-logistics-sector-irma-lrt-situation-update-171015-0-pdf,4607,20000,4607,0,1,
101,hurricane-maria-2017,UNICEF Eastern Caribbean Humanitarian Situation Report No.10 18 October 2017,UNICEF,2017-10-18,2017-10-18,0,https://reliefweb.int/search/results?search=%22UNICEF+Eastern+Caribbean+Humanitarian+Situation+Report+No.10+18+October+2017%22,ReliefWeb exact-title search,hurricane-maria-2017/UNICEF Eastern Caribbean Humanitarian Situation Report  No.10 - 18 October 2017.pdf,057704899de0f41e60f51514eca55cddd157c36189f738e69be3ca485c5b2851,manual-hurricane-maria-2017-unicef-eastern-caribbean-humanitarian-situation-report-no-1,13966,20000,13966,0,1,
102,hurricane-maria-2017,DOM Situation Report #7,OCHA,2017-10-19,2017-10-19,0,https://reliefweb.int/search/results?search=%22DOM+Situation+Report+%237%22,ReliefWeb exact-title search,hurricane-maria-2017/20171019-DOM-Situation Report #7.pdf,fe187f69d370fe2826240085292ca7ee9c8464b0dca3e85f8fc977eaa7971ff0,manual-hurricane-maria-2017-20171019-dom-situation-report-7-pdf,33931,20000,20000,1,1,
103,hurricane-maria-2017,DOM Situation Report #8,OCHA,2017-10-26,2017-10-26,0,https://reliefweb.int/search/results?search=%22DOM+Situation+Report+%238%22,ReliefWeb exact-title search,hurricane-maria-2017/20171026-DOM-Situation Report #8.pdf,331621dd8111287dde3152065ce634eef1c59a0012608ff3d7d46a5bfaf499af,manual-hurricane-maria-2017-20171026-dom-situation-report-8-pdf,32495,20000,20000,1,1,
104,kerala-floods-2018,jdna kerala report 1st draft,UNICEF,2018-10-20,,1,https://reliefweb.int/search/results?search=%22jdna+kerala+report+1st+draft%22,ReliefWeb exact-title search,kerala-floods-2018/jdna-kerala-report_1st-draft.pdf,9008e69f1771ab694f8ba0696795f11fd2395e36c7c74f46299324ba732d4ca9,manual-kerala-floods-2018-jdna-kerala-report-1st-draft-pdf,106435,20000,20000,1,1,
105,kerala-floods-2018,"Humanity Road Sitrep No 1, Kerala India Floods, 16Aug2018",,2018-08-16,2018-08-16,0,https://reliefweb.int/search/results?search=%22Humanity+Road+Sitrep+No+1%2C+Kerala+India+Floods%2C+16Aug2018%22,ReliefWeb exact-title search,"kerala-floods-2018/Humanity Road Sitrep No 1, Kerala India Floods, 16Aug2018 (1).pdf",2561f65313d0bf46d98058c05b3d8d9ba1cb1958c7daaab64d779ac7b5c2acbc,manual-kerala-floods-2018-humanity-road-sitrep-no-1-kerala-india-floods-16aug2018-1-pdf,22865,20000,20000,1,1,
106,kerala-floods-2018,"Humanity Road Sitrep No 2, Kerala India Floods, 18Aug2018",,2018-08-18,2018-08-18,0,https://reliefweb.int/search/results?search=%22Humanity+Road+Sitrep+No+2%2C+Kerala+India+Floods%2C+18Aug2018%22,ReliefWeb exact-title search,"kerala-floods-2018/Humanity Road Sitrep No 2, Kerala India Floods, 18Aug2018.pdf",2fdc923a1d4586cf9c0b97b01de4be9fb1ea7a4128f023740088bbdf54d633a9,manual-kerala-floods-2018-humanity-road-sitrep-no-2-kerala-india-floods-18aug2018-pdf,23508,20000,20000,1,1,
107,kerala-floods-2018,ROAP Snapshot 180820,OCHA,2018-08-20,2018-08-20,0,https://reliefweb.int/search/results?search=%22ROAP+Snapshot+180820%22,ReliefWeb exact-title search,kerala-floods-2018/ROAP_Snapshot_180820.pdf,ff7531d3598164598064736c8d0169e54745f960c0bc2ff692e947df3b3691c5,manual-kerala-floods-2018-roap-snapshot-180820-pdf,4950,20000,4950,0,1,
108,kerala-floods-2018,humanitarian snapshot report 10 flood situation in kerala as on 20 august 2018,,2018-08-20,2018-08-20,0,https://reliefweb.int/search/results?search=%22humanitarian+snapshot+report+10+flood+situation+in+kerala+as+on+20+august+2018%22,ReliefWeb exact-title search,kerala-floods-2018/humanitarian-snapshot-report-10-flood-situation-in-kerala-as-on-20-august-2018.pdf,e25fa6eb603388c61b6d6268166f40c31155366597d3371c007e938ca65edea1,manual-kerala-floods-2018-humanitarian-snapshot-report-10-flood-situation-in-kerala-as,8912,20000,8912,0,1,
109,kerala-floods-2018,An IRCS volunteer wades through flood water to reach,IFRC,2018-10-31,2018-10-31,0,https://reliefweb.int/search/results?search=%22An+IRCS+volunteer+wades+through+flood+water+to+reach%22,ReliefWeb exact-title search,kerala-floods-2018/MDRIN020du1.pdf,87a945bad4da161bfe003a9211b7c5519d980aa51f4fa28bf9af156c83b95ffa,manual-kerala-floods-2018-mdrin020du1-pdf,35208,20000,20000,1,1,
110,kerala-floods-2018,A. SITUATION ANALYSIS,IFRC,2019-04-16,2019-04-16,0,https://reliefweb.int/search/results?search=%22A.+SITUATION+ANALYSIS%22,ReliefWeb exact-title search,kerala-floods-2018/MDRIN020dfr.pdf,b1a29823cd4bfa4e8f5acb5d83e0623c4cd7272d892a6fe9235fb1f7bf3f5b53,manual-kerala-floods-2018-mdrin020dfr-pdf,54819,20000,20000,1,1,
111,puebla-mexico-earthquake-2017,6.INFOGRAFIACDMX,OCHA,2017-10-02,,1,https://reliefweb.int/search/results?search=%226.INFOGRAFIACDMX%22,ReliefWeb exact-title search,puebla-mexico-earthquake-2017/6.INFOGRAFIACDMX.pdf,8c602218235e6a2c985e1aa2b626d6c8e463a26d7e69f6a4823f87ee31ea3d41,manual-puebla-mexico-earthquake-2017-6-infografiacdmx-pdf,1914,20000,1914,0,1,
112,puebla-mexico-earthquake-2017,6.INFOGRAFIACDMX,OCHA,2017-10-02,,1,https://reliefweb.int/search/results?search=%226.INFOGRAFIACDMX%22,ReliefWeb exact-title search,puebla-mexico-earthquake-2017/8.INFOGRAFIAOAXACA.pdf,996fdca7858aa4149210f5a7f525a3d2cadd236aab66ee3dce04fde47ed3f7a9,manual-puebla-mexico-earthquake-2017-8-infografiaoaxaca-pdf,1776,20000,1776,0,1,
113,puebla-mexico-earthquake-2017,MX Infografía USAR sismo 7.1 OCHA Spanish,OCHA,2017-10-02,2016-10-02,1,https://reliefweb.int/search/results?search=%22MX+Infograf%C3%ADa+USAR+sismo+7.1+OCHA+Spanish%22,ReliefWeb exact-title search,puebla-mexico-earthquake-2017/MX-Infografía USAR sismo 7.1-OCHA-20161002 Spanish.pdf,5650da6477baef36db7e6e0aaa6f2351447003e2a8b8425ca8fd69ebda36da8e,manual-puebla-mexico-earthquake-2017-mx-infografía-usar-sismo-7-1-ocha-20161002-spanish,2857,20000,2857,0,1,
114,puebla-mexico-earthquake-2017,MX Snapshot USAR Earthquake 7.1 OCHA English,OCHA,2017-10-02,2016-10-02,1,https://reliefweb.int/search/results?search=%22MX+Snapshot+USAR+Earthquake+7.1+OCHA+English%22,ReliefWeb exact-title search,puebla-mexico-earthquake-2017/MX-Snapshot USAR Earthquake 7.1-OCHA-20161002 English.pdf,67e298a05ace84e93196d7095fb40b65c8152e8014fdb24b85b7e815ba69f6bd,manual-puebla-mexico-earthquake-2017-mx-snapshot-usar-earthquake-7-1-ocha-20161002-engl,2549,20000,2549,0,0,reserved_prefix_output_excluded_by_manifest_rule
115,puebla-mexico-earthquake-2017,4. INFOGRAFIAPUEBLA,OCHA,2017-09-19,2017-09-19,0,https://reliefweb.int/search/results?search=%224.+INFOGRAFIAPUEBLA%22,ReliefWeb exact-title search,puebla-mexico-earthquake-2017/4. INFOGRAFIAPUEBLA(ENG).pdf,5959663e05913ad9a76f648a9e3764a815ecec54216ef4bcfa319fb31f98162a,manual-puebla-mexico-earthquake-2017-4-infografiapuebla-eng-pdf,1682,20000,1682,0,1,
116,puebla-mexico-earthquake-2017,6.INFOGRAFIACDMX(ENG),OCHA,2017-09-19,2017-09-19,0,https://reliefweb.int/search/results?search=%226.INFOGRAFIACDMX%28ENG%29%22,ReliefWeb exact-title search,puebla-mexico-earthquake-2017/6.INFOGRAFIACDMX(ENG).pdf,d7a68871144512d6fc03d33d4a4b8c81608c0b04943b2d16c736dc348be9a554,manual-puebla-mexico-earthquake-2017-6-infografiacdmx-eng-pdf,1792,20000,1792,0,1,
117,puebla-mexico-earthquake-2017,7.INFOGRAFIAGUERRERO,OCHA,2017-09-19,2017-09-19,0,https://reliefweb.int/search/results?search=%227.INFOGRAFIAGUERRERO%22,ReliefWeb exact-title search,puebla-mexico-earthquake-2017/7.INFOGRAFIAGUERRERO(ENG).pdf,64c29c73a788bf20a883b1cd803875f2530ff6c85084e285d9457991136de2cf,manual-puebla-mexico-earthquake-2017-7-infografiaguerrero-eng-pdf,1546,20000,1546,0,1,
118,puebla-mexico-earthquake-2017,8.INFOGRAFIAOAXACA(ENG),OCHA,2017-09-19,2017-09-19,0,https://reliefweb.int/search/results?search=%228.INFOGRAFIAOAXACA%28ENG%29%22,ReliefWeb exact-title search,puebla-mexico-earthquake-2017/8.INFOGRAFIAOAXACA(ENG).pdf,5203472590b839ea75c9cf797b9b6dba2a76eed4bba2e96a500076068ef7b4b3,manual-puebla-mexico-earthquake-2017-8-infografiaoaxaca-eng-pdf,1648,20000,1648,0,1,
119,puebla-mexico-earthquake-2017,Mexico Earthquake SitRep 20Sept2017,UNICEF,2017-09-20,2017-09-20,0,https://reliefweb.int/search/results?search=%22Mexico+Earthquake+SitRep+20Sept2017%22,ReliefWeb exact-title search,puebla-mexico-earthquake-2017/Mexico Earthquake SitRep 20Sept2017.pdf,b9af91f4a342fa35214b777fe545f4efaa3b134a8ada7386623c084e72fed07f,manual-puebla-mexico-earthquake-2017-mexico-earthquake-sitrep-20sept2017-pdf,6425,20000,6425,0,1,
120,puebla-mexico-earthquake-2017,OCHA Mexico Earthquake Snapshot 2017 09 20 SPANISH,OCHA,2017-09-20,2017-09-20,0,https://reliefweb.int/search/results?search=%22OCHA+Mexico+Earthquake+Snapshot+2017+09+20+SPANISH%22,ReliefWeb exact-title search,puebla-mexico-earthquake-2017/OCHA-Mexico Earthquake-Snapshot-2017-09-20 SPANISH.pdf,9b78454005963d6f6210fc177e0e8a65b292fdad79345ec36283e9062e6d0145,manual-puebla-mexico-earthquake-2017-ocha-mexico-earthquake-snapshot-2017-09-20-spanish,2569,20000,2569,0,1,
121,puebla-mexico-earthquake-2017,OCHA Mexico Earthquake Snapshot 201709201636,OCHA,2017-09-20,2017-09-20,0,https://reliefweb.int/search/results?search=%22OCHA+Mexico+Earthquake+Snapshot+201709201636%22,ReliefWeb exact-title search,puebla-mexico-earthquake-2017/OCHA-Mexico Earthquake-Snapshot-201709201636.pdf,6e8d1e78f5f6daa4b0d965541ee6518a8de9054c396e16f59f6b373b7ae769bf,manual-puebla-mexico-earthquake-2017-ocha-mexico-earthquake-snapshot-201709201636-pdf,2383,20000,2383,0,1,
122,puebla-mexico-earthquake-2017,"Humanity Road Puebla, MX Earthquake Sitrep No 1, Sep 21, 2017",,2017-09-21,2017-09-21,0,https://reliefweb.int/search/results?search=%22Humanity+Road+Puebla%2C+MX+Earthquake+Sitrep+No+1%2C+Sep+21%2C+2017%22,ReliefWeb exact-title search,"puebla-mexico-earthquake-2017/Humanity Road Puebla, MX Earthquake Sitrep No 1, Sep 21, 2017.pdf",a31b8a49ce670a9cb482f0b8f9abe6bd12a6a548b16d6e29b478ad536f6d9343,manual-puebla-mexico-earthquake-2017-humanity-road-puebla-mx-earthquake-sitrep-no-1-sep,22975,20000,20000,1,1,
123,puebla-mexico-earthquake-2017,MX Sitrep No 1 Earthquake 7.1,OCHA,2017-09-22,2017-09-22,0,https://reliefweb.int/search/results?search=%22MX+Sitrep+No+1+Earthquake+7.1%22,ReliefWeb exact-title search,puebla-mexico-earthquake-2017/20170922-MX-Sitrep No. 1 Earthquake 7.1.pdf,93ef43144fa0fe8d1b01a70de04e6310dc7c3d6d79f575c6fe578fc22aef9641,manual-puebla-mexico-earthquake-2017-20170922-mx-sitrep-no-1-earthquake-7-1-pdf,12410,20000,12410,0,1,
124,puebla-mexico-earthquake-2017,OCHA Central America 2 Earthquakes Snapshot ENGLISH,OCHA,2017-09-22,2017-09-22,0,https://reliefweb.int/search/results?search=%22OCHA+Central+America+2+Earthquakes+Snapshot+ENGLISH%22,ReliefWeb exact-title search,puebla-mexico-earthquake-2017/OCHA-Central America 2 Earthquakes-Snapshot-20170922 ENGLISH.pdf,c658bff9af1307053aff44bf4dcc6bbc900ddd729a0cb80f20237b8e8a303676,manual-puebla-mexico-earthquake-2017-ocha-central-america-2-earthquakes-snapshot-201709,1979,20000,1979,0,1,
125,puebla-mexico-earthquake-2017,MX Sitrep No 2 earthquake OCHA English,OCHA,2017-09-26,2017-09-26,0,https://reliefweb.int/search/results?search=%22MX+Sitrep+No+2+earthquake+OCHA+English%22,ReliefWeb exact-title search,puebla-mexico-earthquake-2017/20170926-MX-Sitrep No 2 earthquake-OCHA-English.pdf,d1a479ab3caddaa9af1ed9b3aceff66e93daeaff1f7b0a11c90380e44572c780,manual-puebla-mexico-earthquake-2017-20170926-mx-sitrep-no-2-earthquake-ocha-english-pd,17814,20000,17814,0,1,
