slot_id,arm,coverage
access,api-fast/generic,0.82
access,api-fast/schema_guided,0.94
access,api-strong/generic,0.923077
access,api-strong/schema_guided,0.923077
access,human,0.8125
casualties,api-fast/generic,0.94
casualties,api-fast/schema_guided,0.94
casualties,api-strong/generic,0.903846
casualties,api-strong/schema_guided,0.961538
casualties,human,0.883929
coordination,api-fast/generic,0.6
coordination,api-fast/schema_guided,0.92
coordination,api-strong/generic,0.596154
coordination,api-strong/schema_guided,0.923077
coordination,human,0.875
currency_and_metadata,api-fast/generic,0.52
currency_and_metadata,api-fast/schema_guided,0.68
currency_and_metadata,api-strong/generic,0.519231
currency_and_metadata,api-strong/schema_guided,0.557692
currency_and_metadata,human,0.991071
damage,api-fast/generic,0.82
damage,api-fast/schema_guided,0.9
damage,api-strong/generic,0.807692
damage,api-strong/schema_guided,0.884615
damage,human,0.919643
displacement,api-fast/generic,0.54
displacement,api-fast/schema_guided,0.7
displacement,api-strong/generic,0.538462
displacement,api-strong/schema_guided,0.730769
displacement,human,0.892857
education,api-fast/generic,0.46
education,api-fast/schema_guided,0.58
education,api-strong/generic,0.519231
education,api-strong/schema_guided,0.557692
education,human,0.714286
food,api-fast/generic,0.8
food,api-fast/schema_guided,0.86
food,api-strong/generic,0.846154
food,api-strong/schema_guided,0.884615
food,human,0.732143
funding,api-fast/generic,0.92
funding,api-fast/schema_guided,0.92
funding,api-strong/generic,0.923077
funding,api-strong/schema_guided,0.942308
funding,human,0.767857
health,api-fast/generic,0.6
health,api-fast/schema_guided,0.64
health,api-strong/generic,0.596154
health,api-strong/schema_guided,0.634615
health,human,0.758929
needs_gaps,api-fast/generic,0.6
needs_gaps,api-fast/schema_guided,0.74
needs_gaps,api-strong/generic,0.634615
needs_gaps,api-strong/schema_guided,0.884615
needs_gaps,human,0.8125
response_actions,api-fast/generic,1.0
response_actions,api-fast/schema_guided,0.98
response_actions,api-strong/generic,1.0
response_actions,api-strong/schema_guided,1.0
response_actions,human,0.964286
shelter,api-fast/generic,0.66
shelter,api-fast/schema_guided,0.74
shelter,api-strong/generic,0.730769
shelter,api-strong/schema_guided,0.75
shelter,human,0.598214
sourcing,api-fast/generic,0.9
sourcing,api-fast/schema_guided,1.0
sourcing,api-strong/generic,0.961538
sourcing,api-strong/schema_guided,1.0
sourcing,human,0.9375
wash,api-fast/generic,0.64
wash,api-fast/schema_guided,0.72
wash,api-strong/generic,0.673077
wash,api-strong/schema_guided,0.769231
wash,human,0.651786
