slot_id,arm,is_human_ceiling,n,coverage,n_present,n_partial,n_absent
access,human,True,54,0.8703703703703703,41,12,1
access,api-fast/generic,False,25,0.78,15,9,1
access,api-fast/schema_guided,False,24,0.9375,21,3,0
access,api-strong/generic,False,26,0.8653846153846154,20,5,1
access,api-strong/schema_guided,False,26,0.9615384615384616,24,2,0
casualties,human,True,49,0.9081632653061225,42,5,2
casualties,api-fast/generic,False,25,0.98,24,1,0
casualties,api-fast/schema_guided,False,23,0.9782608695652174,22,1,0
casualties,api-strong/generic,False,26,0.9615384615384616,24,2,0
casualties,api-strong/schema_guided,False,24,0.9791666666666666,23,1,0
coordination,human,True,50,0.94,44,6,0
coordination,api-fast/generic,False,25,0.64,9,14,2
coordination,api-fast/schema_guided,False,25,0.94,22,3,0
coordination,api-strong/generic,False,25,0.62,9,13,3
coordination,api-strong/schema_guided,False,23,0.9347826086956522,20,3,0
currency_and_metadata,human,True,28,0.875,21,7,0
currency_and_metadata,api-fast/generic,False,24,0.5208333333333334,1,23,0
currency_and_metadata,api-fast/schema_guided,False,24,0.4791666666666667,4,15,5
currency_and_metadata,api-strong/generic,False,26,0.6153846153846154,6,20,0
currency_and_metadata,api-strong/schema_guided,False,25,0.5,2,21,2
damage,human,True,49,0.8775510204081632,38,10,1
damage,api-fast/generic,False,24,0.8333333333333334,16,8,0
damage,api-fast/schema_guided,False,24,0.9375,21,3,0
damage,api-strong/generic,False,22,0.8863636363636364,17,5,0
damage,api-strong/schema_guided,False,23,0.9347826086956522,20,3,0
displacement,human,True,54,0.8888888888888888,44,8,2
displacement,api-fast/generic,False,25,0.5,1,23,1
displacement,api-fast/schema_guided,False,24,0.6041666666666666,5,19,0
displacement,api-strong/generic,False,25,0.54,2,23,0
displacement,api-strong/schema_guided,False,26,0.5769230769230769,4,22,0
education,human,True,54,0.6944444444444444,33,9,12
education,api-fast/generic,False,25,0.54,5,17,3
education,api-fast/schema_guided,False,24,0.6041666666666666,7,15,2
education,api-strong/generic,False,26,0.5,2,22,2
education,api-strong/schema_guided,False,25,0.54,3,21,1
food,human,True,55,0.7181818181818181,33,13,9
food,api-fast/generic,False,24,0.7291666666666666,12,11,1
food,api-fast/schema_guided,False,24,0.875,19,4,1
food,api-strong/generic,False,26,0.8076923076923077,17,8,1
food,api-strong/schema_guided,False,22,0.8181818181818182,15,6,1
funding,human,True,49,0.7040816326530612,31,7,11
funding,api-fast/generic,False,23,0.8478260869565217,17,5,1
funding,api-fast/schema_guided,False,24,0.8541666666666666,18,5,1
funding,api-strong/generic,False,22,0.8181818181818182,15,6,1
funding,api-strong/schema_guided,False,24,0.8125,16,7,1
health,human,True,56,0.75,35,14,7
health,api-fast/generic,False,24,0.5625,7,13,4
health,api-fast/schema_guided,False,22,0.5909090909090909,7,12,3
health,api-strong/generic,False,23,0.5434782608695652,6,13,4
health,api-strong/schema_guided,False,26,0.6538461538461539,12,10,4
needs_gaps,human,True,49,0.8877551020408163,39,9,1
needs_gaps,api-fast/generic,False,21,0.7619047619047619,11,10,0
needs_gaps,api-fast/schema_guided,False,23,0.8913043478260869,19,3,1
needs_gaps,api-strong/generic,False,20,0.65,7,12,1
needs_gaps,api-strong/schema_guided,False,26,0.9615384615384616,24,2,0
response_actions,human,True,56,0.9821428571428571,54,2,0
response_actions,api-fast/generic,False,25,1.0,25,0,0
response_actions,api-fast/schema_guided,False,25,1.0,25,0,0
response_actions,api-strong/generic,False,26,1.0,26,0,0
response_actions,api-strong/schema_guided,False,26,1.0,26,0,0
shelter,human,True,50,0.73,29,15,6
shelter,api-fast/generic,False,25,0.62,6,19,0
shelter,api-fast/schema_guided,False,23,0.8260869565217391,16,6,1
shelter,api-strong/generic,False,26,0.75,14,11,1
shelter,api-strong/schema_guided,False,23,0.8695652173913043,18,4,1
sourcing,human,True,52,0.9807692307692307,50,2,0
sourcing,api-fast/generic,False,24,0.8541666666666666,17,7,0
sourcing,api-fast/schema_guided,False,25,1.0,25,0,0
sourcing,api-strong/generic,False,23,0.9782608695652174,22,1,0
sourcing,api-strong/schema_guided,False,26,1.0,26,0,0
wash,human,True,50,0.69,24,21,5
wash,api-fast/generic,False,23,0.6304347826086957,7,15,1
wash,api-fast/schema_guided,False,23,0.7608695652173914,13,9,1
wash,api-strong/generic,False,24,0.6458333333333334,8,15,1
wash,api-strong/schema_guided,False,26,0.8269230769230769,18,7,1
