slot_id,arm,luna,gemini,consensus
access,api-fast/api-fast/generic,0.9545,0.8636,0.9545
access,api-fast/api-fast/schema_guided,0.9545,1.0,0.9545
access,api-strong/api-strong/generic,1.0,0.9545,1.0
access,api-strong/api-strong/schema_guided,1.0,1.0,1.0
access,human,0.9,0.74,0.9
casualties,api-fast/api-fast/generic,0.8636,0.9091,0.8636
casualties,api-fast/api-fast/schema_guided,0.9545,0.9545,0.9545
casualties,api-strong/api-strong/generic,0.8182,0.8182,0.8182
casualties,api-strong/api-strong/schema_guided,0.95,1.0,0.95
casualties,human,0.84,0.8,0.84
coordination,api-fast/api-fast/generic,0.3182,0.2727,0.3182
coordination,api-fast/api-fast/schema_guided,0.7273,0.8636,0.7273
coordination,api-strong/api-strong/generic,0.5,0.4091,0.5
coordination,api-strong/api-strong/schema_guided,0.85,0.9,0.85
coordination,human,0.9,0.94,0.9
currency_and_metadata,api-fast/api-fast/generic,0.5455,0.5,0.5455
currency_and_metadata,api-fast/api-fast/schema_guided,0.6364,0.5,0.6364
currency_and_metadata,api-strong/api-strong/generic,0.5,0.5909,0.5
currency_and_metadata,api-strong/api-strong/schema_guided,0.5,0.65,0.5
currency_and_metadata,human,0.84,1.0,0.84
damage,api-fast/api-fast/generic,1.0,0.8636,1.0
damage,api-fast/api-fast/schema_guided,1.0,1.0,1.0
damage,api-strong/api-strong/generic,0.9545,1.0,0.9545
damage,api-strong/api-strong/schema_guided,1.0,1.0,1.0
damage,human,0.92,0.84,0.92
displacement,api-fast/api-fast/generic,0.4091,0.4091,0.4091
displacement,api-fast/api-fast/schema_guided,0.5,0.5,0.5
displacement,api-strong/api-strong/generic,0.4091,0.3636,0.4091
displacement,api-strong/api-strong/schema_guided,0.55,0.6,0.55
displacement,human,0.62,0.64,0.62
education,api-fast/api-fast/generic,0.1364,0.1364,0.1364
education,api-fast/api-fast/schema_guided,0.3182,0.3182,0.3182
education,api-strong/api-strong/generic,0.1818,0.1818,0.1818
education,api-strong/api-strong/schema_guided,0.35,0.35,0.35
education,human,0.48,0.48,0.48
food,api-fast/api-fast/generic,0.5,0.5,0.5
food,api-fast/api-fast/schema_guided,0.5909,0.5,0.5909
food,api-strong/api-strong/generic,0.5,0.5455,0.5
food,api-strong/api-strong/schema_guided,0.65,0.6,0.65
food,human,0.7,0.62,0.7
funding,api-fast/api-fast/generic,0.5,0.7273,0.5
funding,api-fast/api-fast/schema_guided,0.5909,0.9091,0.5909
funding,api-strong/api-strong/generic,0.5909,0.7273,0.5909
funding,api-strong/api-strong/schema_guided,0.55,0.85,0.55
funding,human,0.54,0.58,0.54
health,api-fast/api-fast/generic,0.5,0.2273,0.5
health,api-fast/api-fast/schema_guided,0.4545,0.3636,0.4545
health,api-strong/api-strong/generic,0.5,0.2727,0.5
health,api-strong/api-strong/schema_guided,0.5,0.5,0.5
health,human,0.4,0.16,0.4
needs_gaps,api-fast/api-fast/generic,0.7727,0.7273,0.7727
needs_gaps,api-fast/api-fast/schema_guided,0.9545,0.8636,0.9545
needs_gaps,api-strong/api-strong/generic,0.9545,0.9091,0.9545
needs_gaps,api-strong/api-strong/schema_guided,1.0,0.95,1.0
needs_gaps,human,0.92,0.84,0.92
response_actions,api-fast/api-fast/generic,1.0,1.0,1.0
response_actions,api-fast/api-fast/schema_guided,1.0,1.0,1.0
response_actions,api-strong/api-strong/generic,1.0,1.0,1.0
response_actions,api-strong/api-strong/schema_guided,1.0,1.0,1.0
response_actions,human,0.96,0.94,0.96
shelter,api-fast/api-fast/generic,0.4545,0.2727,0.4545
shelter,api-fast/api-fast/schema_guided,0.5909,0.5,0.5909
shelter,api-strong/api-strong/generic,0.5,0.4091,0.5
shelter,api-strong/api-strong/schema_guided,0.55,0.55,0.55
shelter,human,0.64,0.56,0.64
sourcing,api-fast/api-fast/generic,1.0,0.9545,1.0
sourcing,api-fast/api-fast/schema_guided,1.0,1.0,1.0
sourcing,api-strong/api-strong/generic,0.9091,0.8636,0.9091
sourcing,api-strong/api-strong/schema_guided,1.0,1.0,1.0
sourcing,human,0.98,0.88,0.98
wash,api-fast/api-fast/generic,0.5455,0.5909,0.5455
wash,api-fast/api-fast/schema_guided,0.8182,0.8636,0.8182
wash,api-strong/api-strong/generic,0.6364,0.6818,0.6364
wash,api-strong/api-strong/schema_guided,0.8,0.85,0.8
wash,human,0.8,0.74,0.8
