slot_id,human_coverage,machine_coverage_max,gap,is_ceiling
access,0.9,1.0,-0.1,False
casualties,0.84,0.9545,-0.1145,False
coordination,0.9,0.85,0.05,False
currency_and_metadata,0.84,0.6364,0.2036,False
damage,0.92,1.0,-0.08,False
displacement,0.62,0.55,0.07,False
education,0.48,0.35,0.13,False
food,0.7,0.65,0.05,False
funding,0.54,0.5909,-0.0509,False
health,0.4,0.5,-0.1,False
needs_gaps,0.92,1.0,-0.08,False
response_actions,0.96,1.0,-0.04,False
shelter,0.64,0.5909,0.0491,False
sourcing,0.98,1.0,-0.02,False
wash,0.8,0.8182,-0.0182,False
